--
-- PostgreSQL database dump
--

-- Dumped from database version 15.5
-- Dumped by pg_dump version 16.0

-- Started on 2024-06-18 10:05:46

SET statement_timeout = 0;
SET lock_timeout = 0;
SET idle_in_transaction_session_timeout = 0;
SET client_encoding = 'UTF8';
SET standard_conforming_strings = on;
SELECT pg_catalog.set_config('search_path', '', false);
SET check_function_bodies = false;
SET xmloption = content;
SET client_min_messages = warning;
SET row_security = off;

SET default_tablespace = '';

SET default_table_access_method = heap;

--
-- TOC entry 214 (class 1259 OID 16446)
-- Name: api_apimessage; Type: TABLE; Schema: public; Owner: ventalis_admin
--

CREATE TABLE public.api_apimessage (
    id bigint NOT NULL,
    content text NOT NULL,
    "timestamp" timestamp with time zone NOT NULL,
    receiver_id bigint NOT NULL,
    sender_id bigint NOT NULL
);


ALTER TABLE public.api_apimessage OWNER TO ventalis_admin;

--
-- TOC entry 215 (class 1259 OID 16451)
-- Name: api_apimessage_id_seq; Type: SEQUENCE; Schema: public; Owner: ventalis_admin
--

ALTER TABLE public.api_apimessage ALTER COLUMN id ADD GENERATED BY DEFAULT AS IDENTITY (
    SEQUENCE NAME public.api_apimessage_id_seq
    START WITH 1
    INCREMENT BY 1
    NO MINVALUE
    NO MAXVALUE
    CACHE 1
);


--
-- TOC entry 216 (class 1259 OID 16452)
-- Name: auth_group; Type: TABLE; Schema: public; Owner: ventalis_admin
--

CREATE TABLE public.auth_group (
    id integer NOT NULL,
    name character varying(150) NOT NULL
);


ALTER TABLE public.auth_group OWNER TO ventalis_admin;

--
-- TOC entry 217 (class 1259 OID 16455)
-- Name: auth_group_id_seq; Type: SEQUENCE; Schema: public; Owner: ventalis_admin
--

ALTER TABLE public.auth_group ALTER COLUMN id ADD GENERATED BY DEFAULT AS IDENTITY (
    SEQUENCE NAME public.auth_group_id_seq
    START WITH 1
    INCREMENT BY 1
    NO MINVALUE
    NO MAXVALUE
    CACHE 1
);


--
-- TOC entry 218 (class 1259 OID 16456)
-- Name: auth_group_permissions; Type: TABLE; Schema: public; Owner: ventalis_admin
--

CREATE TABLE public.auth_group_permissions (
    id bigint NOT NULL,
    group_id integer NOT NULL,
    permission_id integer NOT NULL
);


ALTER TABLE public.auth_group_permissions OWNER TO ventalis_admin;

--
-- TOC entry 219 (class 1259 OID 16459)
-- Name: auth_group_permissions_id_seq; Type: SEQUENCE; Schema: public; Owner: ventalis_admin
--

ALTER TABLE public.auth_group_permissions ALTER COLUMN id ADD GENERATED BY DEFAULT AS IDENTITY (
    SEQUENCE NAME public.auth_group_permissions_id_seq
    START WITH 1
    INCREMENT BY 1
    NO MINVALUE
    NO MAXVALUE
    CACHE 1
);


--
-- TOC entry 220 (class 1259 OID 16460)
-- Name: auth_permission; Type: TABLE; Schema: public; Owner: ventalis_admin
--

CREATE TABLE public.auth_permission (
    id integer NOT NULL,
    name character varying(255) NOT NULL,
    content_type_id integer NOT NULL,
    codename character varying(100) NOT NULL
);


ALTER TABLE public.auth_permission OWNER TO ventalis_admin;

--
-- TOC entry 221 (class 1259 OID 16463)
-- Name: auth_permission_id_seq; Type: SEQUENCE; Schema: public; Owner: ventalis_admin
--

ALTER TABLE public.auth_permission ALTER COLUMN id ADD GENERATED BY DEFAULT AS IDENTITY (
    SEQUENCE NAME public.auth_permission_id_seq
    START WITH 1
    INCREMENT BY 1
    NO MINVALUE
    NO MAXVALUE
    CACHE 1
);


--
-- TOC entry 222 (class 1259 OID 16464)
-- Name: consultants; Type: TABLE; Schema: public; Owner: ventalis_admin
--

CREATE TABLE public.consultants (
    newuser_ptr_id bigint NOT NULL,
    matricule character varying(5) NOT NULL
);


ALTER TABLE public.consultants OWNER TO ventalis_admin;

--
-- TOC entry 223 (class 1259 OID 16467)
-- Name: customers; Type: TABLE; Schema: public; Owner: ventalis_admin
--

CREATE TABLE public.customers (
    newuser_ptr_id bigint NOT NULL,
    consultant_applied_id bigint
);


ALTER TABLE public.customers OWNER TO ventalis_admin;

--
-- TOC entry 224 (class 1259 OID 16470)
-- Name: django_admin_log; Type: TABLE; Schema: public; Owner: ventalis_admin
--

CREATE TABLE public.django_admin_log (
    id integer NOT NULL,
    action_time timestamp with time zone NOT NULL,
    object_id text,
    object_repr character varying(200) NOT NULL,
    action_flag smallint NOT NULL,
    change_message text NOT NULL,
    content_type_id integer,
    user_id bigint NOT NULL,
    CONSTRAINT django_admin_log_action_flag_check CHECK ((action_flag >= 0))
);


ALTER TABLE public.django_admin_log OWNER TO ventalis_admin;

--
-- TOC entry 225 (class 1259 OID 16476)
-- Name: django_admin_log_id_seq; Type: SEQUENCE; Schema: public; Owner: ventalis_admin
--

ALTER TABLE public.django_admin_log ALTER COLUMN id ADD GENERATED BY DEFAULT AS IDENTITY (
    SEQUENCE NAME public.django_admin_log_id_seq
    START WITH 1
    INCREMENT BY 1
    NO MINVALUE
    NO MAXVALUE
    CACHE 1
);


--
-- TOC entry 226 (class 1259 OID 16477)
-- Name: django_content_type; Type: TABLE; Schema: public; Owner: ventalis_admin
--

CREATE TABLE public.django_content_type (
    id integer NOT NULL,
    app_label character varying(100) NOT NULL,
    model character varying(100) NOT NULL
);


ALTER TABLE public.django_content_type OWNER TO ventalis_admin;

--
-- TOC entry 227 (class 1259 OID 16480)
-- Name: django_content_type_id_seq; Type: SEQUENCE; Schema: public; Owner: ventalis_admin
--

ALTER TABLE public.django_content_type ALTER COLUMN id ADD GENERATED BY DEFAULT AS IDENTITY (
    SEQUENCE NAME public.django_content_type_id_seq
    START WITH 1
    INCREMENT BY 1
    NO MINVALUE
    NO MAXVALUE
    CACHE 1
);


--
-- TOC entry 228 (class 1259 OID 16481)
-- Name: django_migrations; Type: TABLE; Schema: public; Owner: ventalis_admin
--

CREATE TABLE public.django_migrations (
    id bigint NOT NULL,
    app character varying(255) NOT NULL,
    name character varying(255) NOT NULL,
    applied timestamp with time zone NOT NULL
);


ALTER TABLE public.django_migrations OWNER TO ventalis_admin;

--
-- TOC entry 229 (class 1259 OID 16486)
-- Name: django_migrations_id_seq; Type: SEQUENCE; Schema: public; Owner: ventalis_admin
--

ALTER TABLE public.django_migrations ALTER COLUMN id ADD GENERATED BY DEFAULT AS IDENTITY (
    SEQUENCE NAME public.django_migrations_id_seq
    START WITH 1
    INCREMENT BY 1
    NO MINVALUE
    NO MAXVALUE
    CACHE 1
);


--
-- TOC entry 230 (class 1259 OID 16487)
-- Name: django_session; Type: TABLE; Schema: public; Owner: ventalis_admin
--

CREATE TABLE public.django_session (
    session_key character varying(40) NOT NULL,
    session_data text NOT NULL,
    expire_date timestamp with time zone NOT NULL
);


ALTER TABLE public.django_session OWNER TO ventalis_admin;

--
-- TOC entry 231 (class 1259 OID 16492)
-- Name: messagerie_messagemodel; Type: TABLE; Schema: public; Owner: ventalis_admin
--

CREATE TABLE public.messagerie_messagemodel (
    id bigint NOT NULL,
    body character varying(1000) NOT NULL,
    image character varying(100),
    date timestamp with time zone NOT NULL,
    is_read boolean NOT NULL,
    receiver_user_id bigint NOT NULL,
    sender_user_id bigint NOT NULL,
    thread_id bigint
);


ALTER TABLE public.messagerie_messagemodel OWNER TO ventalis_admin;

--
-- TOC entry 232 (class 1259 OID 16497)
-- Name: messagerie_messagemodel_id_seq; Type: SEQUENCE; Schema: public; Owner: ventalis_admin
--

ALTER TABLE public.messagerie_messagemodel ALTER COLUMN id ADD GENERATED BY DEFAULT AS IDENTITY (
    SEQUENCE NAME public.messagerie_messagemodel_id_seq
    START WITH 1
    INCREMENT BY 1
    NO MINVALUE
    NO MAXVALUE
    CACHE 1
);


--
-- TOC entry 233 (class 1259 OID 16498)
-- Name: messagerie_threadmodel; Type: TABLE; Schema: public; Owner: ventalis_admin
--

CREATE TABLE public.messagerie_threadmodel (
    id bigint NOT NULL,
    has_unread boolean NOT NULL,
    receiver_id bigint NOT NULL,
    user_id bigint NOT NULL
);


ALTER TABLE public.messagerie_threadmodel OWNER TO ventalis_admin;

--
-- TOC entry 234 (class 1259 OID 16501)
-- Name: messagerie_threadmodel_id_seq; Type: SEQUENCE; Schema: public; Owner: ventalis_admin
--

ALTER TABLE public.messagerie_threadmodel ALTER COLUMN id ADD GENERATED BY DEFAULT AS IDENTITY (
    SEQUENCE NAME public.messagerie_threadmodel_id_seq
    START WITH 1
    INCREMENT BY 1
    NO MINVALUE
    NO MAXVALUE
    CACHE 1
);


--
-- TOC entry 235 (class 1259 OID 16502)
-- Name: store_category; Type: TABLE; Schema: public; Owner: ventalis_admin
--

CREATE TABLE public.store_category (
    id bigint NOT NULL,
    name character varying(255) NOT NULL,
    slug character varying(255) NOT NULL
);


ALTER TABLE public.store_category OWNER TO ventalis_admin;

--
-- TOC entry 236 (class 1259 OID 16507)
-- Name: store_category_id_seq; Type: SEQUENCE; Schema: public; Owner: ventalis_admin
--

ALTER TABLE public.store_category ALTER COLUMN id ADD GENERATED BY DEFAULT AS IDENTITY (
    SEQUENCE NAME public.store_category_id_seq
    START WITH 1
    INCREMENT BY 1
    NO MINVALUE
    NO MAXVALUE
    CACHE 1
);


--
-- TOC entry 237 (class 1259 OID 16508)
-- Name: store_order; Type: TABLE; Schema: public; Owner: ventalis_admin
--

CREATE TABLE public.store_order (
    id bigint NOT NULL,
    "transactionId" character varying(20),
    date_ordered timestamp with time zone NOT NULL,
    completed boolean NOT NULL,
    comment text,
    customer_id bigint NOT NULL
);


ALTER TABLE public.store_order OWNER TO ventalis_admin;

--
-- TOC entry 238 (class 1259 OID 16513)
-- Name: store_order_id_seq; Type: SEQUENCE; Schema: public; Owner: ventalis_admin
--

ALTER TABLE public.store_order ALTER COLUMN id ADD GENERATED BY DEFAULT AS IDENTITY (
    SEQUENCE NAME public.store_order_id_seq
    START WITH 1
    INCREMENT BY 1
    NO MINVALUE
    NO MAXVALUE
    CACHE 1
);


--
-- TOC entry 239 (class 1259 OID 16514)
-- Name: store_orderitem; Type: TABLE; Schema: public; Owner: ventalis_admin
--

CREATE TABLE public.store_orderitem (
    id bigint NOT NULL,
    status character varying(2) NOT NULL,
    ordered boolean NOT NULL,
    quantity integer NOT NULL,
    comment text,
    date_added timestamp with time zone NOT NULL,
    customer_id bigint NOT NULL,
    order_id bigint NOT NULL,
    product_id bigint,
    CONSTRAINT store_orderitem_quantity_check CHECK ((quantity >= 0))
);


ALTER TABLE public.store_orderitem OWNER TO ventalis_admin;

--
-- TOC entry 240 (class 1259 OID 16520)
-- Name: store_orderitem_id_seq; Type: SEQUENCE; Schema: public; Owner: ventalis_admin
--

ALTER TABLE public.store_orderitem ALTER COLUMN id ADD GENERATED BY DEFAULT AS IDENTITY (
    SEQUENCE NAME public.store_orderitem_id_seq
    START WITH 1
    INCREMENT BY 1
    NO MINVALUE
    NO MAXVALUE
    CACHE 1
);


--
-- TOC entry 241 (class 1259 OID 16521)
-- Name: store_orderitemstatushistory; Type: TABLE; Schema: public; Owner: ventalis_admin
--

CREATE TABLE public.store_orderitemstatushistory (
    id bigint NOT NULL,
    status character varying(2) NOT NULL,
    comment text,
    date_modified timestamp with time zone NOT NULL,
    consultant_id bigint NOT NULL,
    customer_id bigint NOT NULL,
    order_item_id bigint NOT NULL
);


ALTER TABLE public.store_orderitemstatushistory OWNER TO ventalis_admin;

--
-- TOC entry 242 (class 1259 OID 16526)
-- Name: store_orderitemstatushistory_id_seq; Type: SEQUENCE; Schema: public; Owner: ventalis_admin
--

ALTER TABLE public.store_orderitemstatushistory ALTER COLUMN id ADD GENERATED BY DEFAULT AS IDENTITY (
    SEQUENCE NAME public.store_orderitemstatushistory_id_seq
    START WITH 1
    INCREMENT BY 1
    NO MINVALUE
    NO MAXVALUE
    CACHE 1
);


--
-- TOC entry 243 (class 1259 OID 16527)
-- Name: store_product; Type: TABLE; Schema: public; Owner: ventalis_admin
--

CREATE TABLE public.store_product (
    id bigint NOT NULL,
    name character varying(255) NOT NULL,
    description text NOT NULL,
    price numeric(10,2) NOT NULL,
    discount_price numeric(10,2),
    image character varying(100),
    created_at timestamp with time zone NOT NULL,
    slug character varying(255) NOT NULL,
    updated timestamp with time zone NOT NULL,
    category_id bigint NOT NULL,
    created_by_id bigint NOT NULL
);


ALTER TABLE public.store_product OWNER TO ventalis_admin;

--
-- TOC entry 244 (class 1259 OID 16532)
-- Name: store_product_id_seq; Type: SEQUENCE; Schema: public; Owner: ventalis_admin
--

ALTER TABLE public.store_product ALTER COLUMN id ADD GENERATED BY DEFAULT AS IDENTITY (
    SEQUENCE NAME public.store_product_id_seq
    START WITH 1
    INCREMENT BY 1
    NO MINVALUE
    NO MAXVALUE
    CACHE 1
);


--
-- TOC entry 245 (class 1259 OID 16533)
-- Name: users_address; Type: TABLE; Schema: public; Owner: ventalis_admin
--

CREATE TABLE public.users_address (
    id bigint NOT NULL,
    street character varying(100) NOT NULL,
    city character varying(100) NOT NULL,
    country character varying(100) NOT NULL,
    zipcode character varying(20) NOT NULL,
    date_added timestamp with time zone NOT NULL,
    address_type character varying(1) NOT NULL,
    "default" boolean NOT NULL,
    order_id bigint,
    user_id bigint
);


ALTER TABLE public.users_address OWNER TO ventalis_admin;

--
-- TOC entry 246 (class 1259 OID 16536)
-- Name: users_address_id_seq; Type: SEQUENCE; Schema: public; Owner: ventalis_admin
--

ALTER TABLE public.users_address ALTER COLUMN id ADD GENERATED BY DEFAULT AS IDENTITY (
    SEQUENCE NAME public.users_address_id_seq
    START WITH 1
    INCREMENT BY 1
    NO MINVALUE
    NO MAXVALUE
    CACHE 1
);


--
-- TOC entry 247 (class 1259 OID 16537)
-- Name: users_newuser; Type: TABLE; Schema: public; Owner: ventalis_admin
--

CREATE TABLE public.users_newuser (
    id bigint NOT NULL,
    password character varying(128) NOT NULL,
    last_login timestamp with time zone,
    email character varying(255) NOT NULL,
    first_name character varying(100) NOT NULL,
    last_name character varying(50) NOT NULL,
    company character varying(100) NOT NULL,
    is_active boolean NOT NULL,
    is_staff boolean NOT NULL,
    is_client boolean NOT NULL,
    is_employee boolean NOT NULL,
    is_superuser boolean NOT NULL,
    date_joined timestamp with time zone NOT NULL
);


ALTER TABLE public.users_newuser OWNER TO ventalis_admin;

--
-- TOC entry 248 (class 1259 OID 16542)
-- Name: users_newuser_groups; Type: TABLE; Schema: public; Owner: ventalis_admin
--

CREATE TABLE public.users_newuser_groups (
    id bigint NOT NULL,
    newuser_id bigint NOT NULL,
    group_id integer NOT NULL
);


ALTER TABLE public.users_newuser_groups OWNER TO ventalis_admin;

--
-- TOC entry 249 (class 1259 OID 16546)
-- Name: users_newuser_groups_id_seq; Type: SEQUENCE; Schema: public; Owner: ventalis_admin
--

ALTER TABLE public.users_newuser_groups ALTER COLUMN id ADD GENERATED BY DEFAULT AS IDENTITY (
    SEQUENCE NAME public.users_newuser_groups_id_seq
    START WITH 1
    INCREMENT BY 1
    NO MINVALUE
    NO MAXVALUE
    CACHE 1
);


--
-- TOC entry 250 (class 1259 OID 16547)
-- Name: users_newuser_id_seq; Type: SEQUENCE; Schema: public; Owner: ventalis_admin
--

ALTER TABLE public.users_newuser ALTER COLUMN id ADD GENERATED BY DEFAULT AS IDENTITY (
    SEQUENCE NAME public.users_newuser_id_seq
    START WITH 1
    INCREMENT BY 1
    NO MINVALUE
    NO MAXVALUE
    CACHE 1
);


--
-- TOC entry 251 (class 1259 OID 16548)
-- Name: users_newuser_user_permissions; Type: TABLE; Schema: public; Owner: ventalis_admin
--

CREATE TABLE public.users_newuser_user_permissions (
    id bigint NOT NULL,
    newuser_id bigint NOT NULL,
    permission_id integer NOT NULL
);


ALTER TABLE public.users_newuser_user_permissions OWNER TO ventalis_admin;

--
-- TOC entry 252 (class 1259 OID 16551)
-- Name: users_newuser_user_permissions_id_seq; Type: SEQUENCE; Schema: public; Owner: ventalis_admin
--

ALTER TABLE public.users_newuser_user_permissions ALTER COLUMN id ADD GENERATED BY DEFAULT AS IDENTITY (
    SEQUENCE NAME public.users_newuser_user_permissions_id_seq
    START WITH 1
    INCREMENT BY 1
    NO MINVALUE
    NO MAXVALUE
    CACHE 1
);


--
-- TOC entry 4502 (class 0 OID 16446)
-- Dependencies: 214
-- Data for Name: api_apimessage; Type: TABLE DATA; Schema: public; Owner: ventalis_admin
--

COPY public.api_apimessage (id, content, "timestamp", receiver_id, sender_id) FROM stdin;
3	Bonjour Meghan,\r\nC'est Joe, consultant Ventalis.	2023-11-27 21:00:39.526255+00	7	2
2	Bonjour Mona,\r\nC'est joe, consultant Ventalis.	2023-11-27 21:00:14.575853+00	8	2
1	Bonjour Mona,\r\nC'est Joe, consultant Ventalis.	2023-11-27 20:59:43.70889+00	8	2
4	Bonjour herry,\r\nC'est Joe, consultant Ventalis.	2023-11-27 21:01:44.904609+00	6	2
5	Bonjour Mona,\r\nC'est Mike consultant Ventalis.	2023-11-27 21:02:10.690676+00	8	3
6	Bonjour Laura,\r\nC'est Mike, consultant Ventalis.	2023-11-27 21:02:42.32545+00	5	3
7	Bonjour Meghan,\r\nC'est Mike, consultant Ventalis.	2023-11-27 21:03:06.605992+00	7	3
8	Bonjour Harry,\r\nC'est Mike, consultant Ventalis.	2023-11-27 21:03:23.751722+00	6	3
9	Bonjour Mona,\r\nC'est Marie, de chez Ventalis.	2023-11-27 21:06:49.656915+00	8	4
10	Bonjour Laura,\r\nC'est Marie, de chez Ventalis.	2023-11-27 21:07:09.514068+00	5	4
11	Bonjour Meghan,\r\nC'est Marie, de chez Ventalis.	2023-11-27 21:07:26.770675+00	7	4
12	Bonjour Harry,\r\nC'est Marie, de chez Ventalis.	2023-11-27 21:07:44.043044+00	6	4
16	strhkj hhhhing	2023-11-28 12:09:17.278894+00	7	2
17	hi laura, c'est JOE de API	2023-11-28 18:59:18.461037+00	5	2
18	Salut Aleks, c'est Joe	2023-12-10 00:51:08.089548+00	17	2
19	MerryChristmas&1	2023-12-10 12:57:18.807223+00	17	2
20	Another email	2023-12-10 12:57:43.357249+00	17	2
21	test, test, test	2023-12-11 10:37:55.462522+00	17	2
22	test, test, test	2023-12-11 10:37:58.050665+00	17	2
23	test, test, test	2023-12-11 10:50:39.306707+00	7	2
24	Salut Aleks, Est ce que tu as pu trouver ton consultant ?	2023-12-23 09:34:44.292987+00	17	2
25	Hello Meghan,\nJe t'ecris de mon desktop. Comment vas tu ?	2023-12-23 09:53:41.336112+00	7	2
26	Salut, c'est Joe de API	2023-12-24 02:13:36.95292+00	7	2
27	hi de tkinker	2023-12-24 02:53:32.9674+00	7	2
28	test test	2023-12-24 04:03:40.921153+00	7	2
29	Bonjour, c'est Joe	2023-12-27 07:57:32.223396+00	7	2
30	Hello, comment ca va c'est Joe de l'appli Desktop	2023-12-27 07:58:43.587723+00	17	2
31	Le message de test	2023-12-27 09:15:31.835485+00	17	2
32	Joe to Olenka	2023-12-27 12:30:24.191425+00	17	2
33	Bonjour	2023-12-27 16:09:00.488116+00	17	2
34	Salut Maghan c'est Joe encore de Thinker...	2024-04-04 10:11:58.688535+00	7	2
35	Salut Joe, j'espère que tu recevra ce message.	2024-04-04 13:22:52.592653+00	2	7
36	Salut Meghan , j'ai reçu ton message. Comment vas tu ?	2024-04-04 13:26:26.174507+00	7	2
37	C'est Maghan et Alekx, je viens de corriger un peu l'API	2024-04-04 15:22:46.97952+00	2	7
38	Encore un pb avec la commande?	2024-04-04 21:11:44.727242+00	2	7
39	Apres une petite update	2024-04-04 22:37:27.891139+00	7	2
40	encore un test	2024-04-04 22:47:39.852931+00	7	2
41	Hello, how are you?	2024-04-06 08:22:22.941561+00	7	2
42	Hello, how are you?	2024-04-06 08:25:04.97662+00	7	2
43	Hello, how are you?	2024-04-07 04:46:26.375053+00	7	2
44	Hello, how are you?	2024-04-07 04:49:35.797488+00	7	2
45	Hello, how are you?	2024-04-07 05:29:18.276504+00	7	2
46	Hello, how are you?	2024-04-07 05:32:15.415442+00	7	2
47	hello from pyside	2024-04-14 21:16:43.184875+00	7	2
48	hello from pyside PONIEDZIALEK	2024-04-15 05:37:57.293514+00	7	2
49	hello from pyside PONIEDZIALEK	2024-04-15 05:48:05.694411+00	7	2
50	hello from pyside PONIEDZIALEK	2024-04-15 07:03:51.357777+00	7	2
51	jjjjjjjjjjjjjjjjjjjjjjjjjjjjjjjjjjjjjjjjjjjjjjjjjj	2024-04-15 09:31:52.630792+00	7	2
52	test test test	2024-04-15 09:36:56.76495+00	7	2
53	Test to olenka	2024-04-15 14:12:59.321281+00	17	2
54	Sroda	2024-04-17 10:48:34.700059+00	7	2
55	Bonjour Joe, Meghan de vue.js	2024-06-16 10:26:52.746382+00	2	7
56	Bonjour Joe, c'est concore Maghan. Comment allez vous. Je vous ecris du vue.js	2024-06-16 15:11:30.903756+00	2	7
57	Bonjour Clark, C'est Aleksa de Front deployé sur render :)	2024-06-17 17:45:16.988855+00	16	17
58	Mail du Android	2024-06-17 18:59:03.715541+00	16	17
\.


--
-- TOC entry 4504 (class 0 OID 16452)
-- Dependencies: 216
-- Data for Name: auth_group; Type: TABLE DATA; Schema: public; Owner: ventalis_admin
--

COPY public.auth_group (id, name) FROM stdin;
\.


--
-- TOC entry 4506 (class 0 OID 16456)
-- Dependencies: 218
-- Data for Name: auth_group_permissions; Type: TABLE DATA; Schema: public; Owner: ventalis_admin
--

COPY public.auth_group_permissions (id, group_id, permission_id) FROM stdin;
\.


--
-- TOC entry 4508 (class 0 OID 16460)
-- Dependencies: 220
-- Data for Name: auth_permission; Type: TABLE DATA; Schema: public; Owner: ventalis_admin
--

COPY public.auth_permission (id, name, content_type_id, codename) FROM stdin;
1	Can add log entry	1	add_logentry
2	Can change log entry	1	change_logentry
3	Can delete log entry	1	delete_logentry
4	Can view log entry	1	view_logentry
5	Can add permission	2	add_permission
6	Can change permission	2	change_permission
7	Can delete permission	2	delete_permission
8	Can view permission	2	view_permission
9	Can add group	3	add_group
10	Can change group	3	change_group
11	Can delete group	3	delete_group
12	Can view group	3	view_group
13	Can add content type	4	add_contenttype
14	Can change content type	4	change_contenttype
15	Can delete content type	4	delete_contenttype
16	Can view content type	4	view_contenttype
17	Can add session	5	add_session
18	Can change session	5	change_session
19	Can delete session	5	delete_session
20	Can view session	5	view_session
21	Can add new user	6	add_newuser
22	Can change new user	6	change_newuser
23	Can delete new user	6	delete_newuser
24	Can view new user	6	view_newuser
25	Can add consultant	7	add_consultant
26	Can change consultant	7	change_consultant
27	Can delete consultant	7	delete_consultant
28	Can view consultant	7	view_consultant
29	Can add customer	8	add_customer
30	Can change customer	8	change_customer
31	Can delete customer	8	delete_customer
32	Can view customer	8	view_customer
33	Can add address	9	add_address
34	Can change address	9	change_address
35	Can delete address	9	delete_address
36	Can view address	9	view_address
37	Can add message model	10	add_messagemodel
38	Can change message model	10	change_messagemodel
39	Can delete message model	10	delete_messagemodel
40	Can view message model	10	view_messagemodel
41	Can add thread model	11	add_threadmodel
42	Can change thread model	11	change_threadmodel
43	Can delete thread model	11	delete_threadmodel
44	Can view thread model	11	view_threadmodel
45	Can add Cat├®gorie	12	add_category
46	Can change Cat├®gorie	12	change_category
47	Can delete Cat├®gorie	12	delete_category
48	Can view Cat├®gorie	12	view_category
49	Can add order	13	add_order
50	Can change order	13	change_order
51	Can delete order	13	delete_order
52	Can view order	13	view_order
53	Can add order item	14	add_orderitem
54	Can change order item	14	change_orderitem
55	Can delete order item	14	delete_orderitem
56	Can view order item	14	view_orderitem
57	Can add order item status history	15	add_orderitemstatushistory
58	Can change order item status history	15	change_orderitemstatushistory
59	Can delete order item status history	15	delete_orderitemstatushistory
60	Can view order item status history	15	view_orderitemstatushistory
61	Can add Produit	16	add_product
62	Can change Produit	16	change_product
63	Can delete Produit	16	delete_product
64	Can view Produit	16	view_product
65	Can add api message	17	add_apimessage
66	Can change api message	17	change_apimessage
67	Can delete api message	17	delete_apimessage
68	Can view api message	17	view_apimessage
69	Can add api message written by customer	18	add_apimessagewrittenbycustomer
70	Can change api message written by customer	18	change_apimessagewrittenbycustomer
71	Can delete api message written by customer	18	delete_apimessagewrittenbycustomer
72	Can view api message written by customer	18	view_apimessagewrittenbycustomer
\.


--
-- TOC entry 4510 (class 0 OID 16464)
-- Dependencies: 222
-- Data for Name: consultants; Type: TABLE DATA; Schema: public; Owner: ventalis_admin
--

COPY public.consultants (newuser_ptr_id, matricule) FROM stdin;
2	C32DD
3	VGZKE
4	5UKO6
10	QFMZW
16	N5KXP
18	9WOO3
29	DUNAX
\.


--
-- TOC entry 4511 (class 0 OID 16467)
-- Dependencies: 223
-- Data for Name: customers; Type: TABLE DATA; Schema: public; Owner: ventalis_admin
--

COPY public.customers (newuser_ptr_id, consultant_applied_id) FROM stdin;
8	4
5	4
7	2
6	3
11	10
17	16
20	18
21	10
22	3
23	18
24	16
25	2
26	10
27	4
\.


--
-- TOC entry 4512 (class 0 OID 16470)
-- Dependencies: 224
-- Data for Name: django_admin_log; Type: TABLE DATA; Schema: public; Owner: ventalis_admin
--

COPY public.django_admin_log (id, action_time, object_id, object_repr, action_flag, change_message, content_type_id, user_id) FROM stdin;
1	2023-11-27 20:59:43.721415+00	1	ApiMessage object (1)	1	[{"added": {}}]	17	1
2	2023-11-27 21:00:14.577859+00	2	ApiMessage object (2)	1	[{"added": {}}]	17	1
3	2023-11-27 21:00:39.527255+00	3	ApiMessage object (3)	1	[{"added": {}}]	17	1
4	2023-11-27 21:01:16.150712+00	2	ApiMessage object (2)	2	[{"changed": {"fields": ["Sender", "Content"]}}]	17	1
5	2023-11-27 21:01:22.86053+00	1	ApiMessage object (1)	2	[]	17	1
6	2023-11-27 21:01:44.918987+00	4	ApiMessage object (4)	1	[{"added": {}}]	17	1
7	2023-11-27 21:02:10.690676+00	5	ApiMessage object (5)	1	[{"added": {}}]	17	1
8	2023-11-27 21:02:42.327579+00	6	ApiMessage object (6)	1	[{"added": {}}]	17	1
9	2023-11-27 21:03:06.605992+00	7	ApiMessage object (7)	1	[{"added": {}}]	17	1
10	2023-11-27 21:03:23.753227+00	8	ApiMessage object (8)	1	[{"added": {}}]	17	1
11	2023-11-27 21:06:49.658334+00	9	De marie.curie@ventalis.com - de chez Ventalis ├á mona.l@mail.com	1	[{"added": {}}]	17	1
12	2023-11-27 21:07:09.515291+00	10	De marie.curie@ventalis.com - de chez Ventalis ├á laura.d@email.com	1	[{"added": {}}]	17	1
13	2023-11-27 21:07:26.772646+00	11	De marie.curie@ventalis.com - de chez Ventalis ├á meghan.m@mail.com	1	[{"added": {}}]	17	1
14	2023-11-27 21:07:44.044047+00	12	De marie.curie@ventalis.com - de chez Ventalis ├á harry.p@mail.com	1	[{"added": {}}]	17	1
15	2023-12-14 02:15:06.824462+00	10	MessageModel object (10)	2	[{"changed": {"fields": ["Body"]}}]	10	1
\.


--
-- TOC entry 4514 (class 0 OID 16477)
-- Dependencies: 226
-- Data for Name: django_content_type; Type: TABLE DATA; Schema: public; Owner: ventalis_admin
--

COPY public.django_content_type (id, app_label, model) FROM stdin;
1	admin	logentry
2	auth	permission
3	auth	group
4	contenttypes	contenttype
5	sessions	session
6	users	newuser
7	users	consultant
8	users	customer
9	users	address
10	messagerie	messagemodel
11	messagerie	threadmodel
12	store	category
13	store	order
14	store	orderitem
15	store	orderitemstatushistory
16	store	product
17	api	apimessage
18	api	apimessagewrittenbycustomer
\.


--
-- TOC entry 4516 (class 0 OID 16481)
-- Dependencies: 228
-- Data for Name: django_migrations; Type: TABLE DATA; Schema: public; Owner: ventalis_admin
--

COPY public.django_migrations (id, app, name, applied) FROM stdin;
1	contenttypes	0001_initial	2023-11-16 15:19:52.54376+00
3	contenttypes	0002_remove_content_type_name	2023-11-16 15:30:23.192048+00
4	auth	0001_initial	2023-11-16 15:30:23.23968+00
5	auth	0002_alter_permission_name_max_length	2023-11-16 15:30:23.248309+00
6	auth	0003_alter_user_email_max_length	2023-11-16 15:30:23.255695+00
7	auth	0004_alter_user_username_opts	2023-11-16 15:30:23.258231+00
8	auth	0005_alter_user_last_login_null	2023-11-16 15:30:23.264233+00
9	auth	0006_require_contenttypes_0002	2023-11-16 15:30:23.271254+00
10	auth	0007_alter_validators_add_error_messages	2023-11-16 15:30:23.276856+00
11	auth	0008_alter_user_username_max_length	2023-11-16 15:30:23.280283+00
12	auth	0009_alter_user_last_name_max_length	2023-11-16 15:30:23.290439+00
13	auth	0010_alter_group_name_max_length	2023-11-16 15:30:23.303807+00
14	auth	0011_update_proxy_permissions	2023-11-16 15:30:23.316439+00
15	auth	0012_alter_user_first_name_max_length	2023-11-16 15:30:23.322709+00
20	messagerie	0001_initial	2023-11-16 15:30:23.488361+00
21	messagerie	0002_initial	2023-11-16 15:30:23.551051+00
22	sessions	0001_initial	2023-11-16 15:30:23.561805+00
27	store	0001_initial	2023-11-27 18:39:01.359531+00
28	users	0001_initial	2023-11-27 18:39:01.471749+00
29	admin	0001_initial	2023-11-27 18:39:01.4963+00
30	admin	0002_logentry_remove_auto_add	2023-11-27 18:39:01.505822+00
31	admin	0003_logentry_add_action_flag_choices	2023-11-27 18:39:01.505822+00
32	store	0002_initial	2023-11-27 18:39:01.600777+00
33	api	0001_initial	2023-11-27 19:16:43.100563+00
34	users	0002_alter_address_options_alter_consultant_options_and_more	2023-12-09 16:35:32.27848+00
35	api	0002_apimessagewrittenbycustomer	2023-12-27 11:35:42.669841+00
36	api	0003_alter_apimessage_receiver_alter_apimessage_sender_and_more	2024-04-04 13:00:39.321551+00
\.


--
-- TOC entry 4518 (class 0 OID 16487)
-- Dependencies: 230
-- Data for Name: django_session; Type: TABLE DATA; Schema: public; Owner: ventalis_admin
--

COPY public.django_session (session_key, session_data, expire_date) FROM stdin;
omayfvwa6hemp6ol6hqxvwama5a4d7dr	.eJxVjDsOwjAQBe_iGln-sWtT0ucMltdr4wCKpXwqxN0hUgpo38y8l4hpW1vcljLHkcVFBHH63SjlR5l2wPc03brMfVrnkeSuyIMucuhcntfD_TtoaWnf2mtFFBAUesZMWoFHRHLoQPkzAZTK2lTjbWBNmCygYoQQqnGGbBXvD7vbNtY:1r5lQ5:2cBTtpm-QFL1p5b81_yM2MMy9iYTWQeKZIj1E9mWUng	2023-12-06 11:29:25.387965+00
08wa0gydvoiilqjhayk9btxixuj28hij	.eJxVjEEOgjAQRe_StWlaKAy4dO8ZmpnOr6AGEgor492VhIVu_3vvv0zkbR3iVrDEUc3ZeDKn31E4PTDtRO883Wab5mldRrG7Yg9a7HVWPC-H-3cwcBm-tYSu7uC8QCvXOnghVmmcNkR9Rz0SJAFKcHA5N2h9mwMqqkPN7IN5fwAiOzjG:1rBDn7:3h-M9QcvKz5m_u0roD5O9jr-sTvXSqS7vbb_FMHSGAQ	2023-12-21 12:47:45.657833+00
lbkxaukvuqy50ulrpsoj7part3nffv4c	.eJxVjEEOwiAQRe_C2hCKMIBL956BTJlBqgaS0q6Md7dNutDtf-_9t4i4LiWunec4kbgIEKffbcT05LoDemC9N5laXeZplLsiD9rlrRG_rof7d1Cwl61WWXntsteILphzTuSQFdlgSYHSDMlRYsiEHrwxA26SDRmCHtBBRvH5AulrN-w:1rBX99:QgA7FaBifBlRmMYsHxarQojc12HmJSJERFoPmXhKLb8	2023-12-22 09:27:47.494999+00
ha62drar5tobpmtyf9ez592qp4pleeq0	.eJxVjEEOwiAQRe_C2hBKQcCl-56BzMCMVA0kpV0Z765NutDtf-_9l4iwrSVunZY4Z3ERWpx-N4T0oLqDfId6azK1ui4zyl2RB-1yapme18P9OyjQy7c2hoDRcQpAzuJ4HhSCY2LkIQTtgx9JO2PJBk5IChyCUR7Rkqc0OvH-ABFvOQg:1r3z5N:V-1tf83eONsN8CkfK-s7XzU7Pzo6WHViMbQAedR4gmk	2023-12-01 13:40:41.283316+00
la38ckvak9b1sve2bttmk12emsf1rtv9	.eJxVjDsOwjAQBe_iGlnxX6ak5wzW2ruLA8iR4qRC3B0spYDmFW9G8xIJ9q2mvdOaZhRn4cTp98tQHtQGwDu02yLL0rZ1znIo8qBdXhek5-Vw_wIVeh1ZrWNQRMp5JuZYFFjUhrSfQLkcWRNkiz6oYvi7xgbPkBlN8ZOhKN4f62A4Ng:1r82Wa:20xPJtCpiMRlVdEQMHK5BkRvnVwVt6tMjUb2O4gv5ak	2023-12-12 18:09:32.953803+00
8xn3qvvu7fpn1xmmudcnwrzbr5fsdsp6	.eJxVjEEOwiAQAP_C2RBaQMCjd99AdmFXqgaS0p6MfzckPeh1ZjJvEWHfStw7rXHJ4iKMOP0yhPSkOkR-QL03mVrd1gXlSORhu7y1TK_r0f4NCvQytoaA0XEKQM6iPk8KwTEx8hTC7IPXNDtjyQZOSAocglEe0ZKnpJ34fAESoTkK:1r57Tc:z4f7IJNfPWqscuEMMvNshKOVnpEAAH_Lc_J56xEs_7E	2023-12-04 16:50:24.114553+00
sh99b5g9lvui3dpayd67mpucstkucyxj	.eJxVjDsOwjAQBe_iGlnxX6ak5wzW2ruLA8iR4qRC3B0spYDmFW9G8xIJ9q2mvdOaZhRn4cTp98tQHtQGwDu02yLL0rZ1znIo8qBdXhek5-Vw_wIVeh1ZrWNQRMp5JuZYFFjUhrSfQLkcWRNkiz6oYvi7xgbPkBlN8ZOhKN4f62A4Ng:1rAJ0I:jJ1MiTrhJ3xG4cT2_EWw0eC2KHojGaku1jfcnjuB16w	2023-12-19 00:09:34.260881+00
pcmkwd20dxqv7orgu9bgel5v5u9fc2i9	.eJxVjLEOgzAMRP8lcxVBYoLTsTvfgGzHFNoqSASmqv9ekBja5YZ77-5tetrWsd-KLv2UzNXU5vLbMclT8wHSg_J9tjLndZnYHoo9abHdnPR1O92_g5HKuK-V2Ku4gaVF9o0Q1Y4DtgjgPcUqanBNBDdUkBwyBtGmAoRAeyCQ-XwB8uQ3eA:1rsISR:E406KALa-U4MaF1IaER8Tr7_MdSt6KirMs67lHTghTM	2024-04-18 08:28:27.992026+00
lbor3l7fcobq0owumtg00921oz5qe2hp	.eJxVjEEOwiAQAP_C2RB2gUo9evcNZNmlUjU0Ke3J-HdD0oNeZybzVpH2rcS95TXOoi4K1OmXJeJnrl3Ig-p90bzUbZ2T7ok-bNO3RfLrerR_g0Kt9K0ZUSYEcYEnSCjW8JkRGMmy8T7AkB1ANgO77JzFkBgRKXkZyXpWny_RGjdz:1rDbEg:s1jInULHYMoTj2NiUsbtfOSRZsqLbq98rPzjFcqoaN8	2023-12-28 02:14:02.600341+00
lwyxzr14d5w7tgyl46vydfjnnppo2cok	.eJxVjLEOgzAMRP8lcxVBYoLTsTvfgGzHFNoqSASmqv9ekBja5YZ77-5tetrWsd-KLv2UzNXU5vLbMclT8wHSg_J9tjLndZnYHoo9abHdnPR1O92_g5HKuK-V2Ku4gaVF9o0Q1Y4DtgjgPcUqanBNBDdUkBwyBtGmAoRAeyCQ-XwB8uQ3eA:1rw6Fk:fv2uIAD-1uVbCrho487Na4NXthV3GtEboFJYSHYwxNg	2024-04-28 20:15:04.477642+00
174oq4neeiutkh8co2abi3rf597ez9ku	.eJxVjDEOwjAMRe-SGUUlceSWkZ0zRI7tkAJKpaadKu4OlTrA-t97fzOR1qXEtekcRzEX48zpd0vET607kAfV-2R5qss8Jrsr9qDN3ibR1_Vw_w4KtfKtE6giQ486nLMnQvKEvQp1PrCCI599cEKg0gUQFwg5C3JyA_ucwbw_C9o5HA:1rGI0b:rlK4xYf9c2RVaq_3T9imacgw4HrGQFvm4PgstyqchRk	2024-01-04 12:18:37.468666+00
uceh26axmxykkz9ipwik9v3556343qic	.eJxVjEEOwiAQRe_C2hCBDlCX7nsGwsyAVA0kpV0Z765NutDtf-_9lwhxW0vYelrCzOIilBOn3xEjPVLdCd9jvTVJra7LjHJX5EG7nBqn5_Vw_w5K7OVbk7Xe2YzJJW1wAOYRgCNqyugBRkWotNcmaaAMZ7aKc7ZGOVTk_KDF-wMc2DhC:1s3YFN:AKAVrXbkikICIVTqS7duzfQPGjy7Dxu24Gv6CyLQHUw	2024-05-19 09:33:29.426234+00
8hbsf9whezd041g3qujywfpv6qjghdgw	.eJxVjEEOwiAQRe_C2pCBFoe6dN8zEBhmpGpKUtqV8e7apAvd_vfef6kQt7WErfESpqwuyoI6_Y4p0oPnneR7nG9VU53XZUp6V_RBmx5r5uf1cP8OSmzlW0OW5AF647NzbjAojNTF1Dtkl4WGjs7oGQAIhRCpRyvJGiYSMcmq9wcI3DiW:1rDkAt:Ql-zVlG7n3U1eTsAN1F-i4Po7n3qa7c7eBN5f_O_rgI	2023-12-28 11:46:43.278036+00
5uhrklhnbh61o0p53jquqhzc95wrtboe	.eJxVjDEOwjAMRe-SGUUlceSWkZ0zRI7tkAJKpaadKu4OlTrA-t97fzOR1qXEtekcRzEX48zpd0vET607kAfV-2R5qss8Jrsr9qDN3ibR1_Vw_w4KtfKtE6giQ486nLMnQvKEvQp1PrCCI599cEKg0gUQFwg5C3JyA_ucwbw_C9o5HA:1rGnou:QNRjfydixV75XOwKRoNPJ4mE4CGlQ1dUBpzxLBnTJIg	2024-01-05 22:16:40.747602+00
s6qovzuoyv4wxnncbpyhw5rvc16g15mv	.eJxVjEEOwiAQRe_C2hCKMIBL956BTJlBqgaS0q6Md7dNutDtf-_9t4i4LiWunec4kbgIEKffbcT05LoDemC9N5laXeZplLsiD9rlrRG_rof7d1Cwl61WWXntsteILphzTuSQFdlgSYHSDMlRYsiEHrwxA26SDRmCHtBBRvH5AulrN-w:1rE5Tx:7BhqRjhH-pVosoi62_2uTGdpskbFcy_NswFzI7tGcEQ	2023-12-29 10:31:49.290627+00
zj0c7gnuu1z9mnt4s21pcagle4h7n1vn	.eJxVjDsOwyAQRO9CHSEwn4WU6X0GBOwSnERYMnYV5e6xJRdJOfPezJuFuK01bJ2WMCG7MmCX3y7F_KR2AHzEdp95ntu6TIkfCj9p5-OM9Lqd7t9Bjb3u6yQUOW9KlDgQCFmckmCyQ2VThmIVJCMUCOv2RIPGmLPXUpNTGj1I9vkC3hg3hg:1sIU2P:EUlssE237rLJHBGpB9bn3Wvux2wtwTdjKIRkkTXBXeA	2024-06-29 14:05:49.398752+00
6az72bhaf3w5hofc6dizxbej5zk2kozr	.eJxVjDsOwyAQRO9CHSEwn4WU6X0GBOwSnERYMnYV5e6xJRdJOfPezJuFuK01bJ2WMCG7MmCX3y7F_KR2AHzEdp95ntu6TIkfCj9p5-OM9Lqd7t9Bjb3u6yQUOW9KlDgQCFmckmCyQ2VThmIVJCMUCOv2RIPGmLPXUpNTGj1I9vkC3hg3hg:1sIUT8:7BRocEKWhfdsfnicdgHFTJy-t48BPdwV58RPTVllITo	2024-06-29 14:33:26.067861+00
28u8vnus8u54jzh726suwxc6hb1cdj43	.eJxVjDsOwyAQRO9CHSEwn4WU6X0GBOwSnERYMnYV5e6xJRdJOfPezJuFuK01bJ2WMCG7MmCX3y7F_KR2AHzEdp95ntu6TIkfCj9p5-OM9Lqd7t9Bjb3u6yQUOW9KlDgQCFmckmCyQ2VThmIVJCMUCOv2RIPGmLPXUpNTGj1I9vkC3hg3hg:1rLPGS:cQN1GNbKrU8kmLA_VAODVrZ12HIJysXHcNMraRAoLM4	2024-01-18 15:04:08.579671+00
0tbvc6zgb0s17b7cxpgzq0x7za6wv20p	e30:1rEG8U:j06dxUdWobKolblj9bm9NBQB9KRLEAxBB6UaX809-Lo	2023-12-29 21:54:22.290318+00
oeyzt60nbn13cd93v8m405ubdrgnd9tw	.eJxVjEEOwiAQRe_C2hCBDlCX7nsGwsyAVA0kpV0Z765NutDtf-_9lwhxW0vYelrCzOIilBOn3xEjPVLdCd9jvTVJra7LjHJX5EG7nBqn5_Vw_w5K7OVbk7Xe2YzJJW1wAOYRgCNqyugBRkWotNcmaaAMZ7aKc7ZGOVTk_KDF-wMc2DhC:1sJRue:k2QpIrpcKiEypdVSDfsPWlfmz0uB0sxwLsL9yH7t3I0	2024-07-02 06:01:48.399527+00
d872l2aqwm1xmrff5abnt8gesevoji6v	.eJxVjLEOgzAMRP8lcxVBYoLTsTvfgGzHFNoqSASmqv9ekBja5YZ77-5tetrWsd-KLv2UzNXU5vLbMclT8wHSg_J9tjLndZnYHoo9abHdnPR1O92_g5HKuK-V2Ku4gaVF9o0Q1Y4DtgjgPcUqanBNBDdUkBwyBtGmAoRAeyCQ-XwB8uQ3eA:1rYYXB:apcrVMl0tT9aw7uHktj-TFXz5IP1_UYHP7CRDEZKgW8	2024-02-23 21:35:45.39901+00
vw8ungf8usx5wx42r2qkp8qsgp5fur1x	.eJxVjEEOwiAQRe_C2hCBDlCX7nsGwsyAVA0kpV0Z765NutDtf-_9lwhxW0vYelrCzOIilBOn3xEjPVLdCd9jvTVJra7LjHJX5EG7nBqn5_Vw_w5K7OVbk7Xe2YzJJW1wAOYRgCNqyugBRkWotNcmaaAMZ7aKc7ZGOVTk_KDF-wMc2DhC:1roXAA:De8YLCfOR2qWaIIvduRYm9l6W6VAYEFlGW32rMbPW9U	2024-04-07 23:22:02.066003+00
\.


--
-- TOC entry 4519 (class 0 OID 16492)
-- Dependencies: 231
-- Data for Name: messagerie_messagemodel; Type: TABLE DATA; Schema: public; Owner: ventalis_admin
--

COPY public.messagerie_messagemodel (id, body, image, date, is_read, receiver_user_id, sender_user_id, thread_id) FROM stdin;
5	Hello Meghan, comment vas tu ?		2023-11-30 22:38:01.697871+00	f	5	5	4
6	Salut Laura, je vais bien et toi ?		2023-11-30 22:39:11.366035+00	f	7	7	4
7	Hello  Meghan		2023-12-05 20:53:16.189866+00	f	6	6	5
8	Bonjour Harry, je vais bien . Et toi ?		2023-12-05 20:57:19.523989+00	f	7	7	5
9	que de neuf ?		2023-12-05 20:57:31.030678+00	f	7	7	5
11	Salut Joe, ca fait longtemps qu'on ne s'est pas parl├®. Comment vas tu ? 		2023-12-06 00:01:04.059614+00	f	6	6	7
12	Bonjour, Vous ├¬tes administrateur. J'ai un problem avec les mails. Peux on prendre un rendez-vous ? 		2023-12-06 00:19:39.60786+00	f	6	6	6
13	Bonjour Harry, quel est votre probl├¿me ? 		2023-12-06 00:40:38.37423+00	f	1	1	6
14	Hello Joe, tu vas bien ?\r\n		2023-12-06 01:08:11.556904+00	f	6	6	7
15	hello\r\n		2023-12-06 01:20:06.837128+00	f	6	6	5
16	Bonjour Vlad		2023-12-06 01:22:01.165406+00	f	6	6	8
17	Bonjour Clark, j'ai besoin de votre aide concernant les model├®s d'utilisation de stores chez vous.		2023-12-07 11:42:38.73939+00	f	17	17	9
18	salut Vlad, toujours en vie ..?		2023-12-12 09:19:26.593177+00	f	6	6	8
19	Salut Alek, Je pense que désormais tout va bien. Merci.		2023-12-14 02:12:42.324069+00	f	6	6	6
10	Bah écoute, je suis très  content que tout se passe bien pour toi.		2023-12-05 20:58:21+00	f	6	6	5
20	hhgqsydhjkqs kjhyezghdmzejfhliuhgc hkdgyugduhu oudhiuehd		2023-12-14 11:55:21.226496+00	f	20	20	10
21	Salut le blerau		2023-12-14 11:55:36.541295+00	f	17	17	10
22	Bonjour Joe, C'est vous mon consultant ? 		2023-12-20 07:30:32.470391+00	f	17	17	11
23	Bonjour, non je ne pense pas je n'ai pas votre mail dans mes contacts. 		2023-12-20 07:32:03.222884+00	f	2	2	11
24	Ah, d'accord ! Comment je peux savoir qui est mon consultant ? 		2023-12-20 07:32:36.553943+00	f	17	17	11
25	Quand vous êtes connectée, vous devriez voir sur votre page d'accueil le nom de votre consultant en charge.		2023-12-20 07:33:50.823989+00	f	2	2	11
26	Ah, je vois maintenant, merci !		2023-12-20 07:34:45.001793+00	f	17	17	11
27	Bonjour Mike, je viens de m'inscrire. Pouvez vous me contacter ? 		2023-12-20 08:25:06.989314+00	f	22	22	12
28	Bonjour Jan, \r\nje suis votre client je pense, pouvez vous me contacter ?		2023-12-21 11:23:07.839636+00	f	23	23	13
29	J'aurais quelques questions à vous poser concernant les produits de plusieurs catégories.\r\n		2023-12-21 11:23:59.508992+00	f	23	23	13
30	Bonjour Joe		2023-12-21 11:26:56.290738+00	f	25	25	14
31	Bonjour Joe		2023-12-21 11:56:02.728641+00	f	2	2	14
32	oups pardon bonjour François, j'étais en train de discuter avec un collègue		2023-12-21 11:56:57.353758+00	f	2	2	14
33	pas grace		2023-12-21 11:57:21.133529+00	f	25	25	14
34	Comment allez vous Joe		2023-12-21 11:57:49.310412+00	f	25	25	14
35	Je veux bien François merci et vous?		2023-12-21 11:58:11.051008+00	f	2	2	14
36	Salut Joe, il parait que tu as oublié de renseigner les produits sur les site ..?		2023-12-21 12:16:42.448397+00	f	1	1	15
37	Oui, j'ai eu qqs soucis.  Lara ne m'a pas envoyé des bons visuels donc cela m'a retardé.		2023-12-21 12:19:46.699322+00	f	2	2	15
38	Ah, d'acc. Je pensais que cela avait un lien avec ton compte. 		2023-12-21 12:20:25.690984+00	f	1	1	15
39	Merci, pour ta réponse.		2023-12-21 12:20:38.530317+00	f	1	1	15
40	OK. Pas de souci.		2023-12-21 12:21:07.296172+00	f	2	2	15
41	ok merci		2024-06-17 14:22:24.58118+00	f	17	17	9
\.


--
-- TOC entry 4521 (class 0 OID 16498)
-- Dependencies: 233
-- Data for Name: messagerie_threadmodel; Type: TABLE DATA; Schema: public; Owner: ventalis_admin
--

COPY public.messagerie_threadmodel (id, has_unread, receiver_id, user_id) FROM stdin;
4	f	7	5
5	f	7	6
6	f	1	6
7	f	2	6
8	f	11	6
9	f	16	17
10	f	17	20
11	f	2	17
12	f	3	22
13	f	18	23
14	f	2	25
15	f	2	1
\.


--
-- TOC entry 4523 (class 0 OID 16502)
-- Dependencies: 235
-- Data for Name: store_category; Type: TABLE DATA; Schema: public; Owner: ventalis_admin
--

COPY public.store_category (id, name, slug) FROM stdin;
1	Articles promotionnels	articles-promotionnels
2	Imprimerie	imprimerie
3	Supports publicitaires	supports-publicitaires
4	Objets publicitaires	objets-publicitaires
6	Solutions d'affichage en magasin	solutions-daffichage-en-magasin
5	Solutions de présentation	solutions-de-presentation
8	Verres et mugs personnalisés	verres-et-mugs-personnalises
9	Boîtes à Confiserie	boites-a-confiserie
10	Produits Éco-Responsables	produits-eco-responsables
\.


--
-- TOC entry 4525 (class 0 OID 16508)
-- Dependencies: 237
-- Data for Name: store_order; Type: TABLE DATA; Schema: public; Owner: ventalis_admin
--

COPY public.store_order (id, "transactionId", date_ordered, completed, comment, customer_id) FROM stdin;
2	1701194796.355763	2023-11-27 18:56:00.815074+00	t	\N	6
5	\N	2023-11-28 18:06:36.464304+00	f	\N	6
3	1701194854.472008	2023-11-27 18:57:38.021359+00	t	\N	7
4	1701194943.743483	2023-11-27 18:59:29.704494+00	t	\N	8
7	\N	2023-11-28 18:09:03.855493+00	f	\N	8
1	1701195020.341682	2023-11-27 18:55:43.724662+00	t	\N	5
8	\N	2023-11-28 18:10:20.447061+00	f	\N	5
6	1701602130.007532	2023-11-28 18:07:34.554961+00	t	\N	7
10	\N	2023-12-03 11:37:26.569656+00	f	\N	11
11	1701949425.831835	2023-12-07 11:40:44.381606+00	t	\N	17
12	1702109049.969101	2023-12-07 11:43:45.934482+00	t	\N	17
14	1702554701.158718	2023-12-14 11:46:43.375044+00	t	\N	20
15	1702554741.419002	2023-12-14 11:51:41.266013+00	t	\N	20
16	\N	2023-12-14 11:52:21.513188+00	f	\N	20
13	1702809756.453263	2023-12-09 08:04:10.098817+00	t	\N	17
18	1703059711.206393	2023-12-20 08:07:09.047384+00	t	\N	21
19	\N	2023-12-20 08:08:32.470843+00	f	\N	21
20	\N	2023-12-20 08:09:59.115445+00	f	\N	22
22	1703063669.173254	2023-12-20 09:10:59.541532+00	t	\N	24
23	\N	2023-12-20 09:14:30.414153+00	f	\N	24
21	1703063838.106937	2023-12-20 08:43:48.430603+00	t	\N	23
25	1703064161.873259	2023-12-20 09:20:19.475628+00	t	\N	25
26	\N	2023-12-20 09:22:43.134766+00	f	\N	25
27	\N	2023-12-20 09:25:47.113515+00	f	\N	26
9	1703075348.97153	2023-12-03 11:15:30.22552+00	t	\N	7
17	1703111181.723199	2023-12-17 10:42:36.597693+00	t	\N	17
24	1703157646.107986	2023-12-20 09:17:19.163552+00	t	\N	23
30	\N	2023-12-21 11:20:46.264834+00	f	\N	23
31	1704370512.573039	2024-01-04 12:10:29.263586+00	t	\N	27
32	\N	2024-01-04 12:15:12.690258+00	f	\N	27
28	1704381583.159347	2023-12-20 12:29:10.087475+00	t	\N	7
33	\N	2024-01-04 15:19:43.962354+00	f	\N	7
29	1714901865.840044	2023-12-20 22:26:23.370403+00	t	\N	17
34	1714903498.659869	2024-05-05 09:37:45.941304+00	t	\N	17
35	1718693693.34961	2024-05-05 10:04:58.753581+00	t	\N	17
36	\N	2024-06-18 06:54:53.47789+00	f	\N	17
\.


--
-- TOC entry 4527 (class 0 OID 16514)
-- Dependencies: 239
-- Data for Name: store_orderitem; Type: TABLE DATA; Schema: public; Owner: ventalis_admin
--

COPY public.store_orderitem (id, status, ordered, quantity, comment, date_added, customer_id, order_id, product_id) FROM stdin;
1	PR	t	1001	\N	2023-11-28 18:06:36.39301+00	6	2	20
2	PR	t	1001	\N	2023-11-28 18:06:36.39301+00	6	2	19
8	PR	t	1000	\N	2023-11-28 18:09:03.77384+00	8	4	12
7	PR	t	1000	\N	2023-11-28 18:09:03.778694+00	8	4	14
6	PR	t	1000	\N	2023-11-28 18:09:03.783696+00	8	4	3
5	PR	t	1000	\N	2023-11-28 18:09:03.789889+00	8	4	2
11	PR	t	1000	\N	2023-11-28 18:10:20.37129+00	5	1	5
10	PR	t	1000	\N	2023-11-28 18:10:20.375312+00	5	1	13
9	PR	t	1000	\N	2023-11-28 18:10:20.379717+00	5	1	1
15	PR	t	1023	\N	2023-12-09 08:04:10.010169+00	17	12	19
3	S	t	1000	On vient de vous les envoyer	2023-11-30 22:34:43.014917+00	7	3	5
12	P	f	1000	\N	2023-12-03 11:41:43.019347+00	11	10	2
14	PR	t	1003	\N	2023-12-07 11:43:45.865808+00	17	11	13
13	PR	t	1000	\N	2023-12-07 11:43:45.869892+00	17	11	19
26	PR	t	1010	\N	2023-12-20 08:08:31.727906+00	21	18	8
25	PR	t	1000	\N	2023-12-20 08:08:31.944248+00	21	18	19
43	PR	t	1004	\N	2024-01-04 12:15:12.58987+00	27	31	18
27	PR	t	1001	\N	2023-12-20 09:14:29.740559+00	24	22	19
28	P	f	1000	\N	2023-12-20 09:14:41.102695+00	24	23	18
42	PR	t	1000	\N	2024-01-04 12:15:12.595912+00	27	31	19
29	PR	t	1001	\N	2023-12-20 09:17:18.562755+00	23	21	8
33	P	f	1002	\N	2024-02-09 18:22:03.843812+00	25	26	5
24	S	t	1000	Updated comment added form CMD	2024-04-07 21:13:49.932919+00	7	9	18
45	PR	t	1001	\N	2024-05-05 09:37:45.855194+00	17	29	31
46	PR	t	1000	\N	2024-05-05 09:37:45.859279+00	17	29	33
44	PR	t	1000	\N	2024-05-05 09:37:45.863039+00	17	29	34
48	P	f	1000	\N	2024-05-05 09:47:27.954614+00	7	33	32
31	PR	t	1006	\N	2023-12-20 09:22:42.551148+00	25	25	19
34	P	f	1000	\N	2023-12-20 09:25:58.880247+00	26	27	1
35	P	f	1000	\N	2023-12-20 09:26:07.041202+00	26	27	7
19	PR	t	1003	\N	2023-12-14 11:51:41.174378+00	20	14	20
18	PR	t	1043	\N	2023-12-14 11:51:41.179112+00	20	14	17
21	PR	t	1000	\N	2023-12-14 11:52:21.433349+00	20	15	18
22	PR	t	1000	\N	2023-12-17 10:42:36.468967+00	17	13	19
20	PR	t	1086	\N	2023-12-17 10:42:36.473151+00	17	13	18
17	PR	t	1000	\N	2023-12-17 10:42:36.477547+00	17	13	14
4	R	t	1000	IL parait que c=le produit a été retourné	2023-12-18 06:59:53.459917+00	7	6	13
23	PR	t	1000	\N	2023-12-20 12:29:09.572161+00	7	9	16
50	PR	t	1003	\N	2024-06-18 06:54:53.364501+00	17	35	34
39	PR	t	1000	\N	2023-12-20 22:26:22.206039+00	17	17	19
37	PR	t	1005	\N	2023-12-20 22:26:22.387705+00	17	17	18
38	PR	t	1000	\N	2023-12-20 22:26:22.614393+00	17	17	5
36	PR	t	1000	\N	2023-12-20 22:26:22.814227+00	17	17	20
41	PR	t	1000	\N	2023-12-21 11:20:46.131076+00	23	24	20
30	PR	t	1000	\N	2023-12-21 11:20:46.135683+00	23	24	3
32	D	t	1005	Cela est déjà delivré? Pouvez vous confirmer?	2023-12-24 03:13:59.145611+00	25	25	15
\.


--
-- TOC entry 4529 (class 0 OID 16521)
-- Dependencies: 241
-- Data for Name: store_orderitemstatushistory; Type: TABLE DATA; Schema: public; Owner: ventalis_admin
--

COPY public.store_orderitemstatushistory (id, status, comment, date_modified, consultant_id, customer_id, order_item_id) FROM stdin;
1	PR	\N	2023-11-28 18:06:36.389323+00	3	6	1
2	PR	\N	2023-11-28 18:06:36.39301+00	3	6	2
3	PR	\N	2023-11-28 18:07:34.495749+00	2	7	3
4	PR	\N	2023-11-28 18:09:03.771789+00	4	8	8
5	PR	\N	2023-11-28 18:09:03.778694+00	4	8	7
6	PR	\N	2023-11-28 18:09:03.783696+00	4	8	6
7	PR	\N	2023-11-28 18:09:03.788886+00	4	8	5
8	PR	\N	2023-11-28 18:10:20.369811+00	4	5	11
9	PR	\N	2023-11-28 18:10:20.375312+00	4	5	10
10	PR	\N	2023-11-28 18:10:20.378471+00	4	5	9
11	P	string	2023-11-28 20:54:18.772842+00	2	7	3
12	S	STRINGFFFFF	2023-11-28 21:03:50.422263+00	2	7	3
13	S	test de P vers S	2023-11-28 21:04:40.816944+00	2	7	3
14	S	On vient de vous les envoyer	2023-11-28 21:23:43.351496+00	2	7	3
15	S	On vient de vous les envoyer	2023-11-28 21:32:06.979904+00	2	7	4
16	D	D├®j├á livr├®	2023-11-28 21:50:22.34752+00	2	7	4
17	PR	D├®j├á livr├®	2023-12-03 11:15:30.036414+00	2	7	4
18	PR	\N	2023-12-07 11:43:45.859301+00	16	17	14
19	PR	\N	2023-12-07 11:43:45.869892+00	16	17	13
20	PR	\N	2023-12-09 08:04:10.002167+00	16	17	15
21	S	Chang├® pour SENT de API	2023-12-10 16:54:27.945045+00	2	7	4
22	P	string	2023-12-10 21:28:37.531609+00	2	7	4
23	PR	\N	2023-12-14 11:51:41.170649+00	18	20	19
24	PR	\N	2023-12-14 11:51:41.178618+00	18	20	18
25	PR	\N	2023-12-14 11:52:21.432533+00	18	20	21
26	PR	\N	2023-12-17 10:42:36.46804+00	16	17	22
27	PR	\N	2023-12-17 10:42:36.472654+00	16	17	20
28	PR	\N	2023-12-17 10:42:36.477089+00	16	17	17
29	R	IL parait que c=le produit a été retourné	2023-12-18 06:59:53.41445+00	2	7	4
30	PR	\N	2023-12-20 08:08:31.691483+00	10	21	26
31	PR	\N	2023-12-20 08:08:31.908547+00	10	21	25
32	PR	\N	2023-12-20 09:14:29.705154+00	16	24	27
33	PR	\N	2023-12-20 09:17:18.489985+00	18	23	29
34	PR	\N	2023-12-20 09:22:42.331403+00	2	25	32
35	PR	\N	2023-12-20 09:22:42.516116+00	2	25	31
36	PR	\N	2023-12-20 12:29:09.337851+00	2	7	24
37	PR	\N	2023-12-20 12:29:09.538736+00	2	7	23
38	PR	\N	2023-12-20 22:26:22.15833+00	16	17	39
39	PR	\N	2023-12-20 22:26:22.350523+00	16	17	37
40	PR	\N	2023-12-20 22:26:22.579463+00	16	17	38
41	PR	\N	2023-12-20 22:26:22.777665+00	16	17	36
42	PR	\N	2023-12-21 11:20:46.130101+00	18	23	41
43	PR	\N	2023-12-21 11:20:46.135187+00	18	23	30
44	S	Bonjour Meghan, nous venons d'expédier vos articles.	2023-12-21 12:23:06.18128+00	2	25	32
45	S	Hello c'est Shipped now	2023-12-24 02:16:11.881009+00	2	25	32
46	D	Cela est déjà delivré? Pouvez vous confirmer?	2023-12-24 03:13:59.106382+00	2	25	32
47	R	Juste pour voir si cela a marché	2023-12-27 08:12:14.363319+00	2	7	24
48	PR	\N	2024-01-04 12:15:12.588816+00	4	27	43
49	PR	\N	2024-01-04 12:15:12.595175+00	4	27	42
50	R	on change pour	2024-04-04 10:04:41.292171+00	2	7	24
51	S	Updated comment added form CMD	2024-04-07 21:13:49.929826+00	2	7	24
52	PR	\N	2024-05-05 09:37:45.853535+00	16	17	45
53	PR	\N	2024-05-05 09:37:45.858839+00	16	17	46
54	PR	\N	2024-05-05 09:37:45.862539+00	16	17	44
55	PR	\N	2024-06-18 06:54:53.362892+00	16	17	50
\.


--
-- TOC entry 4531 (class 0 OID 16527)
-- Dependencies: 243
-- Data for Name: store_product; Type: TABLE DATA; Schema: public; Owner: ventalis_admin
--

COPY public.store_product (id, name, description, price, discount_price, image, created_at, slug, updated, category_id, created_by_id) FROM stdin;
8	Stands d'exposition	Conception et construction de stands d'exposition sur mesure pour les salons.	149.99	18.99	products/Stands-d-exposition._1.png	2023-11-27 20:34:43.685751+00	stands-dexposition	2023-12-21 17:52:58.869156+00	3	2
12	Systèmes de projection	Les systèmes de projection sont des dispositifs technologiques conçus pour afficher des images, des vidéos ou des présentations sur de grandes surfaces, comme des écrans ou des murs. Ils sont essentiels dans divers contextes, tels que les salles de conférence, les cinémas, ou les événements, et offrent une variété de fonctionnalités comme la haute définition, la connectivité sans fil et la compatibilité avec différents formats multimédia.	299.99	18.99	products/Systemes-de-projection..png	2023-11-27 20:52:41.44853+00	systemes-de-projection	2023-12-21 17:36:21.736937+00	4	4
20	Verres et mugs personnalisé	Verres, tasses et mugs avec votre logo pour les cadeaux d'entreprise.	29.99	18.99	products/Brochures-publicitaires..png	2023-11-27 20:52:41.457786+00	verres-et-mugs-personnalises	2023-12-13 11:16:28.806399+00	1	2
19	Calendriers d'entreprise	Calendriers personnalisés affichant vos produits ou services toute l'année.	19.99	18.99	products/Calendriers-d-entreprise..png	2023-11-27 20:52:41.455516+00	calendriers-dentreprise	2023-12-13 11:17:38.902532+00	1	2
5	Packaging sur mesure	Contrairement au packaging standard, le packaging sur mesure est personnalisé pour s'aligner sur l'identité de la marque, mettre en valeur les caractéristiques uniques du produit, et améliorer l'expérience utilisateur.	14.99	18.99	products/Packaging-sur-mesure.png	2023-11-27 20:34:43.673649+00	packaging-sur-mesure	2023-12-14 19:09:12.571025+00	2	2
18	Sacs fourre-tout personnalisés	Les sacs fourre-tout personnalisés sont des accessoires polyvalents et écologiques, parfaits pour une variété d'usages au quotidien.	29.99	18.99	products/Emarketing-bags.png	2023-11-27 20:52:41.455516+00	sacs-fourre-tout-personnalises	2023-12-13 11:20:42.205524+00	1	2
17	Porte-clés personnalisés	Les porte-clés personnalisés offrent à vos clients un moyen élégant et pratique de garder vos clés organisées tout en exprimant votre style personnel.	19.99	18.99	products/Cles-USB-personnalisees..png	2023-11-27 20:52:41.453677+00	porte-cles-personnalises	2023-12-13 11:24:52.76925+00	1	2
16	T-shirts promotionnels	Les t-shirts promotionnels sont un outil de marketing efficace et un moyen de communication visuelle, parfait pour diffuser votre marque ou message. Ils sont personnalisables à l'infini, alliant confort et style pour assurer une visibilité maximale lors d'événements, de campagnes publicitaires ou comme tenue d'équipe.	29.99	18.99	products/T-shirts-imprimes-avec-votre-logo..png	2023-11-27 20:52:41.453677+00	t-shirts-promotionnels	2023-12-13 11:31:16.568248+00	1	2
15	Stylos personnalisés	Les stylos personnalisés sont des outils d'écriture élégants et pratiques, idéaux pour renforcer l'identité de votre marque ou pour offrir en cadeau. Avec une variété d'options de personnalisation, des gravures aux impressions colorées, ils représentent un moyen subtil mais efficace de laisser une impression durable.	19.99	18.99	products/Stylos-personnalises..png	2023-11-27 20:52:41.452575+00	stylos-personnalises	2023-12-13 11:33:21.966634+00	1	2
22	Cartes de visite	Impression de cartes de visite professionnelles pour un impact mémorable	1.61	\N	products/Cartes_de_visite.png	2024-01-17 11:00:39.452488+00	cartes-de-visite	2024-01-17 11:01:13.115358+00	5	2
9	Structures gonflables	Les structures gonflables sont des supports publicitaires volumineux et visuellement impactants, souvent utilisés lors d'événements ou de promotions pour attirer l'attention des clients. Elles offrent une surface personnalisable importante pour afficher des logos, des messages ou des designs spécifiques à une marque, tout en créant une expérience interactive et mémorable pour le public.	99.99	18.99	products/Structures-gonflables..png	2023-11-27 20:34:43.685751+00	structures-gonflables	2023-12-21 17:49:11.726738+00	3	2
7	Signalalétique intérieure	La signalétique personnalisée désigne des éléments de signalisation sur mesure, conçus pour s'aligner avec l'identité visuelle d'une marque ou d'une entreprise, et utilisés pour guider, informer ou promouvoir dans des espaces intérieurs ou extérieurs. Elle offre une manière efficace de renforcer la présence de la marque et d'améliorer l'expérience client dans des lieux tels que des magasins, des bureaux ou des événements.	29.99	18.99	products/Signaletique-interior.png	2023-11-27 20:34:43.685751+00	signaletique-interieure	2023-12-21 17:48:19.718678+00	3	2
1	Affiches publicitaires	Les affiches publicitaires sont des outils de marketing visuel conçus pour capter l'attention du public et promouvoir des produits, des services ou des événements. Elles combinent des images accrocheuses et des messages concis pour créer un impact visuel fort dans des lieux publics ou des points de vente.	19.99	18.99	products/Affiches-publicitaires..png	2023-11-27 20:27:23.844587+00	affiches-publicitaires	2024-01-17 10:39:28.3557+00	5	2
2	Flyers publicitaires	Les flyers publicitaires sont des feuilles imprimées de petite taille distribuées pour promouvoir des événements, des produits ou des services, combinant des graphismes attractifs et des informations concises pour atteindre un large public de manière rapide et économique.	9.99	18.99	products/Flyers-publicitaires_.png	2023-11-27 20:27:23.860239+00	flyers-publicitaires	2023-12-21 17:38:56.296183+00	2	2
3	Catalogues promotionnels	Conception et impression de catalogues mettant en valeur vos produits.	29.99	18.99	products/Catalogues-promotionnels._1.png	2023-11-27 20:27:23.860239+00	catalogues-promotionnels	2023-12-21 17:39:55.163432+00	2	2
14	Solutions de visioconférence	Les solutions de visioconférence désignent des systèmes et des logiciels qui permettent la communication vidéo en temps réel entre des participants situés dans différents endroits.	199.99	18.99	products/Solutions-de-visioconference..png	2023-11-27 20:52:41.450063+00	solutions-de-visioconference	2023-12-21 17:37:53.129806+00	4	4
13	Supports de conférence	Les supports de conférence sont des outils et équipements utilisés pour faciliter la communication et la présentation lors de réunions, séminaires ou conférences. Ils comprennent des éléments comme des systèmes audiovisuels, des podiums, des tableaux interactifs, et des solutions de visioconférence, tous conçus pour améliorer l'efficacité et l'interactivité des sessions de conférence.	49.99	18.99	products/Supports-de-conference-personnalises.png	2023-11-27 20:52:41.450063+00	supports-de-conference	2023-12-21 17:35:05.495585+00	4	4
23	Panneau d'affichage	Panneau d'affichage grand format pour la promotion d'événements et de produits.	23.00	\N	products/Affiches_publicitaires.png	2024-01-17 11:12:16.214202+00	panneau-daffichage	2024-01-17 11:12:34.552348+00	5	2
27	Boîte Élégante Rose Simple pour Wracks	Découvrez notre boîte rose sobre et élégante, parfaite pour emballer vos wracks de manière raffinée.\r\nSa couleur rose douce et son design simple ajoutent une touche de finesse à vos produits, idéale pour des cadeaux ou des occasions spéciales.\r\nFabriquée avec des matériaux de qualité, cette boîte garantit non seulement une présentation attrayante mais aussi une protection efficace de son contenu.\r\nSon format pratique et son esthétique charmante en font un choix privilégié pour une présentation soignée de vos produits.	0.79	\N	products/boite_rose.png	2024-01-17 13:02:41.073639+00	boite-elegante-rose-simple-pour-wracks	2024-01-17 13:03:00.803692+00	9	2
28	Coffret Gourmand avec Papier Descriptif et Pot de Confiture	Présentez vos délices de manière originale avec notre coffret gourmand accompagné d'un papier descriptif et d'un pot de confiture.\r\nCe coffret est conçu pour valoriser vos produits tout en informant vos clients grâce au papier descriptif inclus.\r\nLe pot de confiture ajoute une touche de gourmandise et d'authenticité, idéal pour les assortiments sucrés.\r\nSon design attractif et fonctionnel en fait une solution parfaite pour les cadeaux d'affaires, les événements ou les ventes en boutique.	2.40	\N	products/pot_confiture.png	2024-01-17 13:04:01.815471+00	coffret-gourmand-avec-papier-descriptif-et-pot-de-confiture	2024-01-17 13:04:17.081996+00	9	2
30	Sacs Réutilisables en Toile de Coton Bio	Ces sacs en coton biologique sont parfaits pour une campagne de marketing respectueuse de l'environnement. Personnalisables avec votre logo, ils sont à la fois pratiques et écologiques.	0.89	\N	products/sac_eco.png	2024-01-18 08:21:13.043699+00	sacs-reutilisables-en-toile-de-coton-bio	2024-01-18 08:21:43.273329+00	10	2
29	Boîte Décorative Marron avec Accents Roses et Fenêtre de Présentation	Notre boîte de couleur marron neutre, agrémentée de jolis décors roses et d’une ouverture transparente, est idéale pour exposer vos produits avec élégance.\r\nLa fenêtre de présentation permet de mettre en valeur le contenu de la boîte, attirant ainsi l'attention sur vos produits de manière subtile et élégante.\r\nLes motifs décoratifs roses apportent une touche de couleur et de sophistication, parfait pour une présentation haut de gamme.\r\nCette boîte est particulièrement adaptée pour les produits de luxe ou les articles de confiserie haut de gamme, offrant une expérience visuelle attrayante et engageante pour le client.	2.10	\N	products/ornement_rose.png	2024-01-17 13:05:26.269098+00	boite-decorative-marron-avec-accents-roses-et-fenetre-de-presentation	2024-01-17 13:06:02.857017+00	9	2
26	Mugs Bleus avec Logo Personnalisable	Optez pour l'élégance avec nos mugs bleus, personnalisables avec votre logo ou design.\r\nParfait pour les bureaux ou comme cadeaux d'entreprise, ces mugs ajoutent une touche professionnelle à votre pause café.\r\nLa couleur bleue profonde du mug offre un contraste parfait pour mettre en valeur votre logo personnalisé.\r\nFaites de ces mugs un élément clé de votre stratégie de branding ou offrez-les en cadeau à vos clients et employés	1.01	\N	products/mugs_bleus.png	2024-01-17 12:32:33.470242+00	mugs-bleus-avec-logo-personnalisable	2024-01-17 13:08:02.944453+00	8	2
25	Mugs Multicolores à Personnaliser avec Logos	Illuminez votre routine matinale avec nos mugs multicolores personnalisables, un excellent choix pour les cadeaux ou la promotion de votre entreprise.\r\nPersonnalisez ces mugs avec des logos colorés pour faire ressortir votre message ou votre design.\r\nCes mugs sont non seulement pratiques pour votre café ou thé quotidien, mais aussi parfaits comme outils de marketing ou souvenirs.\r\nLa qualité d'impression garantit que votre logo ressort sur le fond multicolore, créant un impact visuel fort.	3.22	\N	products/mugs_multicolors.png	2024-01-17 12:30:53.15488+00	mugs-multicolores-a-personnaliser-avec-logos	2024-01-17 13:08:26.068225+00	8	2
24	Verres Bleus Personnalisables avec Logos	Découvrez notre collection exclusive de verres bleus, idéaux pour ajouter une touche personnalisée à votre table.\r\nChaque verre peut être personnalisé avec le logo de votre choix, parfait pour les entreprises ou les événements spéciaux.\r\nFabriqués avec du verre de haute qualité, ces verres allient élégance et personnalisation.\r\nChoisissez parmi une variété de styles de logos pour créer un ensemble de verres unique qui reflète votre marque ou votre personnalité.	0.99	\N	products/verres_bleus.png	2024-01-17 12:29:20.006353+00	verres-bleus-personnalisables-avec-logos	2024-01-17 13:08:49.920626+00	8	2
31	Stylos en Matériaux Recyclés	Ces stylos fabriqués à partir de matériaux recyclés offrent une excellente opportunité de montrer votre engagement envers l'environnement tout en diffusant votre marque.	0.25	\N	products/stylo_eco.png	2024-01-18 08:22:37.965366+00	stylos-en-materiaux-recycles	2024-01-18 08:22:51.148052+00	10	2
32	Bouilloires en Acier Inoxydable Éco-Responsables	Adoptez une approche durable dans votre bureau ou lors de vos événements avec nos bouilloires en acier inoxydable. Elles offrent une alternative écologique et élégante aux modèles en plastique. Ces bouilloires durables et personnalisables avec votre logo sont parfaites pour promouvoir votre engagement envers la durabilité tout en offrant un produit pratique et de qualité.	5.65	\N	products/builloir_eco.png	2024-01-18 08:23:54.011577+00	bouilloires-en-acier-inoxydable-eco-responsables	2024-01-18 08:24:07.414441+00	10	2
33	T-shirts en Fibres Organiques avec Impression Écologique	Ces T-shirts faits de fibres organiques et imprimés avec des encres écologiques sont parfaits pour les événements d'entreprise et les campagnes de sensibilisation environnementale.	1.50	\N	products/tshirt_eco.png	2024-01-18 08:24:46.730869+00	t-shirts-en-fibres-organiques-avec-impression-ecologique	2024-01-18 08:25:01.163534+00	10	2
35	Clés USB en Bois Certifié FSC	Alliez technologie et durabilité avec ces clés USB en bois issu de forêts gérées de façon responsable. Un moyen écologique de partager des informations tout en promouvant votre marque.	3.25	\N	products/cle_usb_eco.png	2024-01-18 08:27:06.785413+00	cles-usb-en-bois-certifie-fsc	2024-01-18 08:27:21.051954+00	10	2
34	Blocs-notes en Papier Recyclé	Montrez votre soutien pour le recyclage avec ces blocs-notes élégants, fabriqués à partir de papier recyclé de haute qualité et parfaits pour des cadeaux d'entreprise durables.	1.00	\N	products/block_notes_eco.png	2024-01-18 08:26:25.915287+00	blocs-notes-en-papier-recycle	2024-01-18 08:27:35.17497+00	10	2
\.


--
-- TOC entry 4533 (class 0 OID 16533)
-- Dependencies: 245
-- Data for Name: users_address; Type: TABLE DATA; Schema: public; Owner: ventalis_admin
--

COPY public.users_address (id, street, city, country, zipcode, date_added, address_type, "default", order_id, user_id) FROM stdin;
1	Grande rue	Carri├¿res sous Poissy	France	76000	2023-11-28 18:06:33.991908+00	S	t	2	6
3	Grande rue	Carri├¿res sous Poissy	France	76000	2023-11-28 18:09:00.356016+00	S	t	4	8
4	Grande rue	Carri├¿res sous Poissy	France	76000	2023-11-28 18:10:18.428598+00	S	t	1	5
5	1112, High Way Avenue	New York	United States	354728	2023-12-03 11:43:22.760543+00	S	t	10	11
7	625 grande rue	carrieres sous poissy	France	78955	2023-12-14 11:50:23.659849+00	S	t	14	20
8	12 Grande rue	Paris	France	75000	2023-12-20 08:08:26.588708+00	S	t	18	21
9	Avenue des Horloges	Oise	France	60000	2023-12-20 09:14:13.50478+00	S	t	22	24
10	625 Bouvard de Hoch	Côtes d'Armor	France	22000	2023-12-20 09:17:14.070298+00	S	t	21	23
11	25, avenue des Cloches	Morbihan	France	56000	2023-12-20 09:22:39.34259+00	S	t	25	25
6	34, Grande rue	Poissy	France	78955	2023-12-07 11:43:41.853942+00	S	t	11	17
12	34, Grande rue	Paris	France	48222	2024-01-04 12:15:06.2887+00	S	t	31	27
2	625 Bouvard de Hoch	London	Angleterre	78955	2023-11-28 18:07:28.688552+00	S	t	3	7
\.


--
-- TOC entry 4535 (class 0 OID 16537)
-- Dependencies: 247
-- Data for Name: users_newuser; Type: TABLE DATA; Schema: public; Owner: ventalis_admin
--

COPY public.users_newuser (id, password, last_login, email, first_name, last_name, company, is_active, is_staff, is_client, is_employee, is_superuser, date_joined) FROM stdin;
3	pbkdf2_sha256$600000$wa51Qp0FQPxSI3IluHH1Ak$9rDSpNwXAmidQP1Z1QkLPm0cdIofdv1Me/ctw/qifFs=	\N	mike.tyson@ventalis.com	Mike	Tyson	Ventalis	t	t	f	t	f	2023-11-27 18:49:32.670164+00
4	pbkdf2_sha256$600000$wa51Qp0FQPxSI3IluHH1Ak$9rDSpNwXAmidQP1Z1QkLPm0cdIofdv1Me/ctw/qifFs=	\N	marie.curie@ventalis.com	Marie	Curie	Ventalis	t	t	f	t	f	2023-11-27 18:52:52.864309+00
16	pbkdf2_sha256$600000$IRvdcissG76rp2j1kamz7J$A5R6egSf4poMF9qnHWCkysX77DOiSlPV2QutH9kwg0Y=	\N	clark.kent.1@ventalis.com	Clark	Kent	Ventalis	t	t	f	t	f	2023-12-07 00:50:16.41272+00
8	pbkdf2_sha256$600000$NMiBNGR2rCImpk1JinXreO$hRU2FP4YKJqrHius+u7g0qCWC60v89oe8CgHKgoz3qA=	2023-11-28 18:08:18.432333+00	mona.l@mail.com	Mona	Lisa	FGH	t	f	t	f	f	2023-11-27 18:59:28.995789+00
18		\N	jan.nowak@ventalis.com	Jan	Nowak	Ventalis	t	t	f	t	f	2023-12-09 18:55:23.500292+00
11	pbkdf2_sha256$600000$gn29DiLoLNe7pWNSPej53a$67SmdujA6tXoWlnZsfb9ov1GCObywKf1ow65t7fgsME=	2023-12-03 11:39:19.694647+00	vlad.t@mail.com	Vlad	Tepesh	Validator Testings	t	f	t	f	f	2023-12-03 11:37:25.923901+00
5	pbkdf2_sha256$600000$qMRviLWwPvYGAhZn91snjU$CMwoPiEzu0L9ztnaoC8RAErap8J6hXKYKbtGfFm5964=	2023-12-05 00:09:40.172351+00	laura.d@email.com	Laura	Dupont	ABC	t	f	t	f	f	2023-11-27 18:55:43.134146+00
21	pbkdf2_sha256$600000$ffbJ9ZTVhgTfcofSxvnXeB$Akl5QGfX8LAHM8Xb92Jo+ooyITmZrl0r+VdL/ODxQjk=	2023-12-20 08:07:08.336323+00	bob.e@mail.com	Bob	Éponge	Bubble Tech	t	f	t	f	f	2023-12-20 08:07:06.893018+00
26	pbkdf2_sha256$600000$bdyznqO7x1Lrn971g6sABX$O8pKZEyuHUSsAzXks0HA4UTT36N1medm4lyzCeuwzS8=	2023-12-20 09:25:46.44396+00	ugo.b@mail.com	Ugo	Bonnet	Temps Troublé Technologies	t	f	t	f	f	2023-12-20 09:25:44.926553+00
22	pbkdf2_sha256$600000$METMxHs914kxuXBBdCaGvJ$4M5coJ8Gnip5JGuR61l4OAEQAhkBFCJcRR2y0+9Z3ZY=	2023-12-20 08:09:58.509323+00	rick.s@mail.com	Rick Sanchez	Rick Sanchez	Wormhole Widgets	t	f	t	f	f	2023-12-20 08:09:57.010287+00
27	pbkdf2_sha256$600000$CuJFmLxKtD1t2ctFBy1Qi8$oyWGSSuCMVBTt560cnkbe0uaPlqxEpzy+J6u/azeuY0=	2024-01-04 12:10:29.172371+00	alain.d@mail.com	Alain	Dupont	Joseph & Co.	t	f	t	f	f	2024-01-04 12:10:28.109749+00
7	pbkdf2_sha256$600000$3zhPDmhVa3LdwIJhUniYd1$1Q/axYevtjM0paIhc1XRDa3vB3sAY5oXuRwX/YXGsas=	2024-06-16 10:25:58.434115+00	meghan.m@mail.com	Meghan	Merkle	CDE	t	f	t	f	f	2023-11-27 18:57:37.325531+00
10	pbkdf2_sha256$600000$zfC77UWS9yHfvRNBmbEZeM$5Qz9Ep5I29lqJA8kqkNENbWD2+jyKOldxYTuEEesO8w=	2023-12-21 11:16:33.312235+00	lara.craft@ventalis.com	Lara	Craft	Ventalis	t	t	f	t	f	2023-11-30 22:32:55.822802+00
6	pbkdf2_sha256$600000$G9OIz4WMidOYd4VXPPPHJ3$5V6JLyaGZvUbtjpv5g6BS9ESU+GMvXIC6iJM3lElL7I=	2023-12-20 12:29:56.363469+00	harry.p@mail.com	Harry	Potter	BCD	t	f	t	f	f	2023-11-27 18:56:00.210668+00
20	pbkdf2_sha256$600000$4GtdjdcOGRtFR6MPJyOixo$j2rqFdvx0QM+OdAAkBKf7pYacc+liFnQWbXsu2sOTck=	2023-12-14 11:46:43.275729+00	boclet@hotmail.fr	Fred	boclet	Solutions pour tout	t	f	t	f	f	2023-12-14 11:46:42.260072+00
23	pbkdf2_sha256$600000$t2gcnyPyHf9c2PzFnk8oUW$dpM0LDU6maHjSrA2dB4AlTQW6MTMe19friL2F08rVPo=	2023-12-21 11:20:23.771501+00	bugs.b@mail.com	Bugs	Bunny	Carrot Innovations	t	f	t	f	f	2023-12-20 08:43:46.344073+00
17	pbkdf2_sha256$600000$1OJU3QuAqc5K1hoqEsvOBT$586vlOSF72okHHKOZy1s0YcbImTGpnLeAv3gtFQOk+A=	2024-06-18 06:01:48.396712+00	olenka512@yahoo.fr	Aleksandra	Aleksandrowicz	Sté des chats	t	f	t	f	f	2023-12-07 11:40:43.736938+00
24	pbkdf2_sha256$600000$Bmn7EiDe3SMkelj8IHsA3n$c+h15QpjMZQk0dYWZPgPRi3dLHkUePqndtetJJfFgN8=	2023-12-20 09:10:58.880126+00	homer.s@mail.com	Homer Simpson	Homer Simpson	Doughnut Dynamics	t	f	t	f	f	2023-12-20 09:10:57.298045+00
25	pbkdf2_sha256$600000$EA2k9I7T7vU7SjgNoRX4sw$gycZucmAHi1yXjRkDtLxIoim5M5jVZ5Z5mmGy7t4DeM=	2024-02-09 18:19:02.611452+00	francois.p@mail.com	François	Pignon	Maquette Solutions	t	f	t	f	f	2023-12-20 09:20:17.303639+00
2	pbkdf2_sha256$600000$LklpJMx44QprBkhyEtEVay$fzjrLFA5LBg4DHS/EGG+Y9AP8k7TnW1wADaLBHVGRJo=	2024-04-12 08:39:03.510357+00	joe.black@ventalis.com	Joe	Black	Ventalis	t	t	f	t	f	2023-11-27 18:49:30.713298+00
1	pbkdf2_sha256$600000$EwfzqtwwBFV1ymozWFeqJx$rEsZ4QFEDw99fPqV2jrkMFJzx3lARWGMIb+kgUS+goM=	2024-04-14 20:15:04.471955+00	alek@mail.com	Administrateur		Ventalis	t	t	f	f	t	2023-11-27 18:44:14.468958+00
29	pbkdf2_sha256$600000$EMYqPJXaO5j2DswLbmr5wB$znma82E3jsVR4fIzoXJ75CAEdH0+OiXnlWADWqQxva4=	\N	jan.nowak.1@ventalis.com	Jan	Nowak	Ventalis	t	t	f	t	f	2024-04-18 06:18:21.383166+00
\.


--
-- TOC entry 4536 (class 0 OID 16542)
-- Dependencies: 248
-- Data for Name: users_newuser_groups; Type: TABLE DATA; Schema: public; Owner: ventalis_admin
--

COPY public.users_newuser_groups (id, newuser_id, group_id) FROM stdin;
\.


--
-- TOC entry 4539 (class 0 OID 16548)
-- Dependencies: 251
-- Data for Name: users_newuser_user_permissions; Type: TABLE DATA; Schema: public; Owner: ventalis_admin
--

COPY public.users_newuser_user_permissions (id, newuser_id, permission_id) FROM stdin;
\.


--
-- TOC entry 4547 (class 0 OID 0)
-- Dependencies: 215
-- Name: api_apimessage_id_seq; Type: SEQUENCE SET; Schema: public; Owner: ventalis_admin
--

SELECT pg_catalog.setval('public.api_apimessage_id_seq', 58, true);


--
-- TOC entry 4548 (class 0 OID 0)
-- Dependencies: 217
-- Name: auth_group_id_seq; Type: SEQUENCE SET; Schema: public; Owner: ventalis_admin
--

SELECT pg_catalog.setval('public.auth_group_id_seq', 1, false);


--
-- TOC entry 4549 (class 0 OID 0)
-- Dependencies: 219
-- Name: auth_group_permissions_id_seq; Type: SEQUENCE SET; Schema: public; Owner: ventalis_admin
--

SELECT pg_catalog.setval('public.auth_group_permissions_id_seq', 1, false);


--
-- TOC entry 4550 (class 0 OID 0)
-- Dependencies: 221
-- Name: auth_permission_id_seq; Type: SEQUENCE SET; Schema: public; Owner: ventalis_admin
--

SELECT pg_catalog.setval('public.auth_permission_id_seq', 72, true);


--
-- TOC entry 4551 (class 0 OID 0)
-- Dependencies: 225
-- Name: django_admin_log_id_seq; Type: SEQUENCE SET; Schema: public; Owner: ventalis_admin
--

SELECT pg_catalog.setval('public.django_admin_log_id_seq', 15, true);


--
-- TOC entry 4552 (class 0 OID 0)
-- Dependencies: 227
-- Name: django_content_type_id_seq; Type: SEQUENCE SET; Schema: public; Owner: ventalis_admin
--

SELECT pg_catalog.setval('public.django_content_type_id_seq', 18, true);


--
-- TOC entry 4553 (class 0 OID 0)
-- Dependencies: 229
-- Name: django_migrations_id_seq; Type: SEQUENCE SET; Schema: public; Owner: ventalis_admin
--

SELECT pg_catalog.setval('public.django_migrations_id_seq', 36, true);


--
-- TOC entry 4554 (class 0 OID 0)
-- Dependencies: 232
-- Name: messagerie_messagemodel_id_seq; Type: SEQUENCE SET; Schema: public; Owner: ventalis_admin
--

SELECT pg_catalog.setval('public.messagerie_messagemodel_id_seq', 41, true);


--
-- TOC entry 4555 (class 0 OID 0)
-- Dependencies: 234
-- Name: messagerie_threadmodel_id_seq; Type: SEQUENCE SET; Schema: public; Owner: ventalis_admin
--

SELECT pg_catalog.setval('public.messagerie_threadmodel_id_seq', 15, true);


--
-- TOC entry 4556 (class 0 OID 0)
-- Dependencies: 236
-- Name: store_category_id_seq; Type: SEQUENCE SET; Schema: public; Owner: ventalis_admin
--

SELECT pg_catalog.setval('public.store_category_id_seq', 10, true);


--
-- TOC entry 4557 (class 0 OID 0)
-- Dependencies: 238
-- Name: store_order_id_seq; Type: SEQUENCE SET; Schema: public; Owner: ventalis_admin
--

SELECT pg_catalog.setval('public.store_order_id_seq', 36, true);


--
-- TOC entry 4558 (class 0 OID 0)
-- Dependencies: 240
-- Name: store_orderitem_id_seq; Type: SEQUENCE SET; Schema: public; Owner: ventalis_admin
--

SELECT pg_catalog.setval('public.store_orderitem_id_seq', 50, true);


--
-- TOC entry 4559 (class 0 OID 0)
-- Dependencies: 242
-- Name: store_orderitemstatushistory_id_seq; Type: SEQUENCE SET; Schema: public; Owner: ventalis_admin
--

SELECT pg_catalog.setval('public.store_orderitemstatushistory_id_seq', 55, true);


--
-- TOC entry 4560 (class 0 OID 0)
-- Dependencies: 244
-- Name: store_product_id_seq; Type: SEQUENCE SET; Schema: public; Owner: ventalis_admin
--

SELECT pg_catalog.setval('public.store_product_id_seq', 35, true);


--
-- TOC entry 4561 (class 0 OID 0)
-- Dependencies: 246
-- Name: users_address_id_seq; Type: SEQUENCE SET; Schema: public; Owner: ventalis_admin
--

SELECT pg_catalog.setval('public.users_address_id_seq', 12, true);


--
-- TOC entry 4562 (class 0 OID 0)
-- Dependencies: 249
-- Name: users_newuser_groups_id_seq; Type: SEQUENCE SET; Schema: public; Owner: ventalis_admin
--

SELECT pg_catalog.setval('public.users_newuser_groups_id_seq', 1, false);


--
-- TOC entry 4563 (class 0 OID 0)
-- Dependencies: 250
-- Name: users_newuser_id_seq; Type: SEQUENCE SET; Schema: public; Owner: ventalis_admin
--

SELECT pg_catalog.setval('public.users_newuser_id_seq', 29, true);


--
-- TOC entry 4564 (class 0 OID 0)
-- Dependencies: 252
-- Name: users_newuser_user_permissions_id_seq; Type: SEQUENCE SET; Schema: public; Owner: ventalis_admin
--

SELECT pg_catalog.setval('public.users_newuser_user_permissions_id_seq', 1, false);


--
-- TOC entry 4236 (class 2606 OID 16553)
-- Name: api_apimessage api_apimessage_pkey; Type: CONSTRAINT; Schema: public; Owner: ventalis_admin
--

ALTER TABLE ONLY public.api_apimessage
    ADD CONSTRAINT api_apimessage_pkey PRIMARY KEY (id);


--
-- TOC entry 4241 (class 2606 OID 16555)
-- Name: auth_group auth_group_name_key; Type: CONSTRAINT; Schema: public; Owner: ventalis_admin
--

ALTER TABLE ONLY public.auth_group
    ADD CONSTRAINT auth_group_name_key UNIQUE (name);


--
-- TOC entry 4246 (class 2606 OID 16557)
-- Name: auth_group_permissions auth_group_permissions_group_id_permission_id_0cd325b0_uniq; Type: CONSTRAINT; Schema: public; Owner: ventalis_admin
--

ALTER TABLE ONLY public.auth_group_permissions
    ADD CONSTRAINT auth_group_permissions_group_id_permission_id_0cd325b0_uniq UNIQUE (group_id, permission_id);


--
-- TOC entry 4249 (class 2606 OID 16559)
-- Name: auth_group_permissions auth_group_permissions_pkey; Type: CONSTRAINT; Schema: public; Owner: ventalis_admin
--

ALTER TABLE ONLY public.auth_group_permissions
    ADD CONSTRAINT auth_group_permissions_pkey PRIMARY KEY (id);


--
-- TOC entry 4243 (class 2606 OID 16561)
-- Name: auth_group auth_group_pkey; Type: CONSTRAINT; Schema: public; Owner: ventalis_admin
--

ALTER TABLE ONLY public.auth_group
    ADD CONSTRAINT auth_group_pkey PRIMARY KEY (id);


--
-- TOC entry 4252 (class 2606 OID 16563)
-- Name: auth_permission auth_permission_content_type_id_codename_01ab375a_uniq; Type: CONSTRAINT; Schema: public; Owner: ventalis_admin
--

ALTER TABLE ONLY public.auth_permission
    ADD CONSTRAINT auth_permission_content_type_id_codename_01ab375a_uniq UNIQUE (content_type_id, codename);


--
-- TOC entry 4254 (class 2606 OID 16565)
-- Name: auth_permission auth_permission_pkey; Type: CONSTRAINT; Schema: public; Owner: ventalis_admin
--

ALTER TABLE ONLY public.auth_permission
    ADD CONSTRAINT auth_permission_pkey PRIMARY KEY (id);


--
-- TOC entry 4257 (class 2606 OID 16567)
-- Name: consultants consultants_matricule_key; Type: CONSTRAINT; Schema: public; Owner: ventalis_admin
--

ALTER TABLE ONLY public.consultants
    ADD CONSTRAINT consultants_matricule_key UNIQUE (matricule);


--
-- TOC entry 4259 (class 2606 OID 16569)
-- Name: consultants consultants_pkey; Type: CONSTRAINT; Schema: public; Owner: ventalis_admin
--

ALTER TABLE ONLY public.consultants
    ADD CONSTRAINT consultants_pkey PRIMARY KEY (newuser_ptr_id);


--
-- TOC entry 4262 (class 2606 OID 16571)
-- Name: customers customers_pkey; Type: CONSTRAINT; Schema: public; Owner: ventalis_admin
--

ALTER TABLE ONLY public.customers
    ADD CONSTRAINT customers_pkey PRIMARY KEY (newuser_ptr_id);


--
-- TOC entry 4265 (class 2606 OID 16573)
-- Name: django_admin_log django_admin_log_pkey; Type: CONSTRAINT; Schema: public; Owner: ventalis_admin
--

ALTER TABLE ONLY public.django_admin_log
    ADD CONSTRAINT django_admin_log_pkey PRIMARY KEY (id);


--
-- TOC entry 4268 (class 2606 OID 16575)
-- Name: django_content_type django_content_type_app_label_model_76bd3d3b_uniq; Type: CONSTRAINT; Schema: public; Owner: ventalis_admin
--

ALTER TABLE ONLY public.django_content_type
    ADD CONSTRAINT django_content_type_app_label_model_76bd3d3b_uniq UNIQUE (app_label, model);


--
-- TOC entry 4270 (class 2606 OID 16577)
-- Name: django_content_type django_content_type_pkey; Type: CONSTRAINT; Schema: public; Owner: ventalis_admin
--

ALTER TABLE ONLY public.django_content_type
    ADD CONSTRAINT django_content_type_pkey PRIMARY KEY (id);


--
-- TOC entry 4272 (class 2606 OID 16579)
-- Name: django_migrations django_migrations_pkey; Type: CONSTRAINT; Schema: public; Owner: ventalis_admin
--

ALTER TABLE ONLY public.django_migrations
    ADD CONSTRAINT django_migrations_pkey PRIMARY KEY (id);


--
-- TOC entry 4275 (class 2606 OID 16581)
-- Name: django_session django_session_pkey; Type: CONSTRAINT; Schema: public; Owner: ventalis_admin
--

ALTER TABLE ONLY public.django_session
    ADD CONSTRAINT django_session_pkey PRIMARY KEY (session_key);


--
-- TOC entry 4278 (class 2606 OID 16583)
-- Name: messagerie_messagemodel messagerie_messagemodel_pkey; Type: CONSTRAINT; Schema: public; Owner: ventalis_admin
--

ALTER TABLE ONLY public.messagerie_messagemodel
    ADD CONSTRAINT messagerie_messagemodel_pkey PRIMARY KEY (id);


--
-- TOC entry 4283 (class 2606 OID 16585)
-- Name: messagerie_threadmodel messagerie_threadmodel_pkey; Type: CONSTRAINT; Schema: public; Owner: ventalis_admin
--

ALTER TABLE ONLY public.messagerie_threadmodel
    ADD CONSTRAINT messagerie_threadmodel_pkey PRIMARY KEY (id);


--
-- TOC entry 4288 (class 2606 OID 16587)
-- Name: store_category store_category_name_key; Type: CONSTRAINT; Schema: public; Owner: ventalis_admin
--

ALTER TABLE ONLY public.store_category
    ADD CONSTRAINT store_category_name_key UNIQUE (name);


--
-- TOC entry 4290 (class 2606 OID 16589)
-- Name: store_category store_category_pkey; Type: CONSTRAINT; Schema: public; Owner: ventalis_admin
--

ALTER TABLE ONLY public.store_category
    ADD CONSTRAINT store_category_pkey PRIMARY KEY (id);


--
-- TOC entry 4295 (class 2606 OID 16591)
-- Name: store_order store_order_pkey; Type: CONSTRAINT; Schema: public; Owner: ventalis_admin
--

ALTER TABLE ONLY public.store_order
    ADD CONSTRAINT store_order_pkey PRIMARY KEY (id);


--
-- TOC entry 4299 (class 2606 OID 16593)
-- Name: store_orderitem store_orderitem_pkey; Type: CONSTRAINT; Schema: public; Owner: ventalis_admin
--

ALTER TABLE ONLY public.store_orderitem
    ADD CONSTRAINT store_orderitem_pkey PRIMARY KEY (id);


--
-- TOC entry 4305 (class 2606 OID 16595)
-- Name: store_orderitemstatushistory store_orderitemstatushistory_pkey; Type: CONSTRAINT; Schema: public; Owner: ventalis_admin
--

ALTER TABLE ONLY public.store_orderitemstatushistory
    ADD CONSTRAINT store_orderitemstatushistory_pkey PRIMARY KEY (id);


--
-- TOC entry 4309 (class 2606 OID 16597)
-- Name: store_product store_product_pkey; Type: CONSTRAINT; Schema: public; Owner: ventalis_admin
--

ALTER TABLE ONLY public.store_product
    ADD CONSTRAINT store_product_pkey PRIMARY KEY (id);


--
-- TOC entry 4312 (class 2606 OID 16599)
-- Name: store_product store_product_slug_key; Type: CONSTRAINT; Schema: public; Owner: ventalis_admin
--

ALTER TABLE ONLY public.store_product
    ADD CONSTRAINT store_product_slug_key UNIQUE (slug);


--
-- TOC entry 4315 (class 2606 OID 16601)
-- Name: users_address users_address_pkey; Type: CONSTRAINT; Schema: public; Owner: ventalis_admin
--

ALTER TABLE ONLY public.users_address
    ADD CONSTRAINT users_address_pkey PRIMARY KEY (id);


--
-- TOC entry 4319 (class 2606 OID 16603)
-- Name: users_newuser users_newuser_email_key; Type: CONSTRAINT; Schema: public; Owner: ventalis_admin
--

ALTER TABLE ONLY public.users_newuser
    ADD CONSTRAINT users_newuser_email_key UNIQUE (email);


--
-- TOC entry 4325 (class 2606 OID 16605)
-- Name: users_newuser_groups users_newuser_groups_newuser_id_group_id_df6b4b64_uniq; Type: CONSTRAINT; Schema: public; Owner: ventalis_admin
--

ALTER TABLE ONLY public.users_newuser_groups
    ADD CONSTRAINT users_newuser_groups_newuser_id_group_id_df6b4b64_uniq UNIQUE (newuser_id, group_id);


--
-- TOC entry 4327 (class 2606 OID 16607)
-- Name: users_newuser_groups users_newuser_groups_pkey; Type: CONSTRAINT; Schema: public; Owner: ventalis_admin
--

ALTER TABLE ONLY public.users_newuser_groups
    ADD CONSTRAINT users_newuser_groups_pkey PRIMARY KEY (id);


--
-- TOC entry 4321 (class 2606 OID 16609)
-- Name: users_newuser users_newuser_pkey; Type: CONSTRAINT; Schema: public; Owner: ventalis_admin
--

ALTER TABLE ONLY public.users_newuser
    ADD CONSTRAINT users_newuser_pkey PRIMARY KEY (id);


--
-- TOC entry 4329 (class 2606 OID 16611)
-- Name: users_newuser_user_permissions users_newuser_user_permi_newuser_id_permission_id_5e320e13_uniq; Type: CONSTRAINT; Schema: public; Owner: ventalis_admin
--

ALTER TABLE ONLY public.users_newuser_user_permissions
    ADD CONSTRAINT users_newuser_user_permi_newuser_id_permission_id_5e320e13_uniq UNIQUE (newuser_id, permission_id);


--
-- TOC entry 4333 (class 2606 OID 16613)
-- Name: users_newuser_user_permissions users_newuser_user_permissions_pkey; Type: CONSTRAINT; Schema: public; Owner: ventalis_admin
--

ALTER TABLE ONLY public.users_newuser_user_permissions
    ADD CONSTRAINT users_newuser_user_permissions_pkey PRIMARY KEY (id);


--
-- TOC entry 4237 (class 1259 OID 16614)
-- Name: api_apimessage_receiver_id_f3806f2f; Type: INDEX; Schema: public; Owner: ventalis_admin
--

CREATE INDEX api_apimessage_receiver_id_f3806f2f ON public.api_apimessage USING btree (receiver_id);


--
-- TOC entry 4238 (class 1259 OID 16615)
-- Name: api_apimessage_sender_id_8e0d7951; Type: INDEX; Schema: public; Owner: ventalis_admin
--

CREATE INDEX api_apimessage_sender_id_8e0d7951 ON public.api_apimessage USING btree (sender_id);


--
-- TOC entry 4239 (class 1259 OID 16616)
-- Name: auth_group_name_a6ea08ec_like; Type: INDEX; Schema: public; Owner: ventalis_admin
--

CREATE INDEX auth_group_name_a6ea08ec_like ON public.auth_group USING btree (name varchar_pattern_ops);


--
-- TOC entry 4244 (class 1259 OID 16617)
-- Name: auth_group_permissions_group_id_b120cbf9; Type: INDEX; Schema: public; Owner: ventalis_admin
--

CREATE INDEX auth_group_permissions_group_id_b120cbf9 ON public.auth_group_permissions USING btree (group_id);


--
-- TOC entry 4247 (class 1259 OID 16618)
-- Name: auth_group_permissions_permission_id_84c5c92e; Type: INDEX; Schema: public; Owner: ventalis_admin
--

CREATE INDEX auth_group_permissions_permission_id_84c5c92e ON public.auth_group_permissions USING btree (permission_id);


--
-- TOC entry 4250 (class 1259 OID 16619)
-- Name: auth_permission_content_type_id_2f476e4b; Type: INDEX; Schema: public; Owner: ventalis_admin
--

CREATE INDEX auth_permission_content_type_id_2f476e4b ON public.auth_permission USING btree (content_type_id);


--
-- TOC entry 4255 (class 1259 OID 16620)
-- Name: consultants_matricule_c7c6bc86_like; Type: INDEX; Schema: public; Owner: ventalis_admin
--

CREATE INDEX consultants_matricule_c7c6bc86_like ON public.consultants USING btree (matricule varchar_pattern_ops);


--
-- TOC entry 4260 (class 1259 OID 16621)
-- Name: customers_consultant_applied_id_e9fd4590; Type: INDEX; Schema: public; Owner: ventalis_admin
--

CREATE INDEX customers_consultant_applied_id_e9fd4590 ON public.customers USING btree (consultant_applied_id);


--
-- TOC entry 4263 (class 1259 OID 16622)
-- Name: django_admin_log_content_type_id_c4bce8eb; Type: INDEX; Schema: public; Owner: ventalis_admin
--

CREATE INDEX django_admin_log_content_type_id_c4bce8eb ON public.django_admin_log USING btree (content_type_id);


--
-- TOC entry 4266 (class 1259 OID 16623)
-- Name: django_admin_log_user_id_c564eba6; Type: INDEX; Schema: public; Owner: ventalis_admin
--

CREATE INDEX django_admin_log_user_id_c564eba6 ON public.django_admin_log USING btree (user_id);


--
-- TOC entry 4273 (class 1259 OID 16624)
-- Name: django_session_expire_date_a5c62663; Type: INDEX; Schema: public; Owner: ventalis_admin
--

CREATE INDEX django_session_expire_date_a5c62663 ON public.django_session USING btree (expire_date);


--
-- TOC entry 4276 (class 1259 OID 16625)
-- Name: django_session_session_key_c0390e0f_like; Type: INDEX; Schema: public; Owner: ventalis_admin
--

CREATE INDEX django_session_session_key_c0390e0f_like ON public.django_session USING btree (session_key varchar_pattern_ops);


--
-- TOC entry 4279 (class 1259 OID 16626)
-- Name: messagerie_messagemodel_receiver_user_id_9338d8be; Type: INDEX; Schema: public; Owner: ventalis_admin
--

CREATE INDEX messagerie_messagemodel_receiver_user_id_9338d8be ON public.messagerie_messagemodel USING btree (receiver_user_id);


--
-- TOC entry 4280 (class 1259 OID 16627)
-- Name: messagerie_messagemodel_sender_user_id_833f00b4; Type: INDEX; Schema: public; Owner: ventalis_admin
--

CREATE INDEX messagerie_messagemodel_sender_user_id_833f00b4 ON public.messagerie_messagemodel USING btree (sender_user_id);


--
-- TOC entry 4281 (class 1259 OID 16628)
-- Name: messagerie_messagemodel_thread_id_35c90f53; Type: INDEX; Schema: public; Owner: ventalis_admin
--

CREATE INDEX messagerie_messagemodel_thread_id_35c90f53 ON public.messagerie_messagemodel USING btree (thread_id);


--
-- TOC entry 4284 (class 1259 OID 16629)
-- Name: messagerie_threadmodel_receiver_id_8a631246; Type: INDEX; Schema: public; Owner: ventalis_admin
--

CREATE INDEX messagerie_threadmodel_receiver_id_8a631246 ON public.messagerie_threadmodel USING btree (receiver_id);


--
-- TOC entry 4285 (class 1259 OID 16630)
-- Name: messagerie_threadmodel_user_id_646c1484; Type: INDEX; Schema: public; Owner: ventalis_admin
--

CREATE INDEX messagerie_threadmodel_user_id_646c1484 ON public.messagerie_threadmodel USING btree (user_id);


--
-- TOC entry 4286 (class 1259 OID 16631)
-- Name: store_category_name_150032c6_like; Type: INDEX; Schema: public; Owner: ventalis_admin
--

CREATE INDEX store_category_name_150032c6_like ON public.store_category USING btree (name varchar_pattern_ops);


--
-- TOC entry 4291 (class 1259 OID 16632)
-- Name: store_category_slug_2d349264; Type: INDEX; Schema: public; Owner: ventalis_admin
--

CREATE INDEX store_category_slug_2d349264 ON public.store_category USING btree (slug);


--
-- TOC entry 4292 (class 1259 OID 16633)
-- Name: store_category_slug_2d349264_like; Type: INDEX; Schema: public; Owner: ventalis_admin
--

CREATE INDEX store_category_slug_2d349264_like ON public.store_category USING btree (slug varchar_pattern_ops);


--
-- TOC entry 4293 (class 1259 OID 16634)
-- Name: store_order_customer_id_13d6d43e; Type: INDEX; Schema: public; Owner: ventalis_admin
--

CREATE INDEX store_order_customer_id_13d6d43e ON public.store_order USING btree (customer_id);


--
-- TOC entry 4296 (class 1259 OID 16635)
-- Name: store_orderitem_customer_id_51517a42; Type: INDEX; Schema: public; Owner: ventalis_admin
--

CREATE INDEX store_orderitem_customer_id_51517a42 ON public.store_orderitem USING btree (customer_id);


--
-- TOC entry 4297 (class 1259 OID 16636)
-- Name: store_orderitem_order_id_acf8722d; Type: INDEX; Schema: public; Owner: ventalis_admin
--

CREATE INDEX store_orderitem_order_id_acf8722d ON public.store_orderitem USING btree (order_id);


--
-- TOC entry 4300 (class 1259 OID 16637)
-- Name: store_orderitem_product_id_f2b098d4; Type: INDEX; Schema: public; Owner: ventalis_admin
--

CREATE INDEX store_orderitem_product_id_f2b098d4 ON public.store_orderitem USING btree (product_id);


--
-- TOC entry 4301 (class 1259 OID 16638)
-- Name: store_orderitemstatushistory_consultant_id_def8bea4; Type: INDEX; Schema: public; Owner: ventalis_admin
--

CREATE INDEX store_orderitemstatushistory_consultant_id_def8bea4 ON public.store_orderitemstatushistory USING btree (consultant_id);


--
-- TOC entry 4302 (class 1259 OID 16639)
-- Name: store_orderitemstatushistory_customer_id_5ed64082; Type: INDEX; Schema: public; Owner: ventalis_admin
--

CREATE INDEX store_orderitemstatushistory_customer_id_5ed64082 ON public.store_orderitemstatushistory USING btree (customer_id);


--
-- TOC entry 4303 (class 1259 OID 16640)
-- Name: store_orderitemstatushistory_order_item_id_2be66e22; Type: INDEX; Schema: public; Owner: ventalis_admin
--

CREATE INDEX store_orderitemstatushistory_order_item_id_2be66e22 ON public.store_orderitemstatushistory USING btree (order_item_id);


--
-- TOC entry 4306 (class 1259 OID 16641)
-- Name: store_product_category_id_574bae65; Type: INDEX; Schema: public; Owner: ventalis_admin
--

CREATE INDEX store_product_category_id_574bae65 ON public.store_product USING btree (category_id);


--
-- TOC entry 4307 (class 1259 OID 16642)
-- Name: store_product_created_by_id_15d9a640; Type: INDEX; Schema: public; Owner: ventalis_admin
--

CREATE INDEX store_product_created_by_id_15d9a640 ON public.store_product USING btree (created_by_id);


--
-- TOC entry 4310 (class 1259 OID 16643)
-- Name: store_product_slug_6de8ee4b_like; Type: INDEX; Schema: public; Owner: ventalis_admin
--

CREATE INDEX store_product_slug_6de8ee4b_like ON public.store_product USING btree (slug varchar_pattern_ops);


--
-- TOC entry 4313 (class 1259 OID 16644)
-- Name: users_address_order_id_11482d0e; Type: INDEX; Schema: public; Owner: ventalis_admin
--

CREATE INDEX users_address_order_id_11482d0e ON public.users_address USING btree (order_id);


--
-- TOC entry 4316 (class 1259 OID 16645)
-- Name: users_address_user_id_4c106ba4; Type: INDEX; Schema: public; Owner: ventalis_admin
--

CREATE INDEX users_address_user_id_4c106ba4 ON public.users_address USING btree (user_id);


--
-- TOC entry 4317 (class 1259 OID 16646)
-- Name: users_newuser_email_0b37614b_like; Type: INDEX; Schema: public; Owner: ventalis_admin
--

CREATE INDEX users_newuser_email_0b37614b_like ON public.users_newuser USING btree (email varchar_pattern_ops);


--
-- TOC entry 4322 (class 1259 OID 16647)
-- Name: users_newuser_groups_group_id_525a4e68; Type: INDEX; Schema: public; Owner: ventalis_admin
--

CREATE INDEX users_newuser_groups_group_id_525a4e68 ON public.users_newuser_groups USING btree (group_id);


--
-- TOC entry 4323 (class 1259 OID 16648)
-- Name: users_newuser_groups_newuser_id_7f6f4c4c; Type: INDEX; Schema: public; Owner: ventalis_admin
--

CREATE INDEX users_newuser_groups_newuser_id_7f6f4c4c ON public.users_newuser_groups USING btree (newuser_id);


--
-- TOC entry 4330 (class 1259 OID 16649)
-- Name: users_newuser_user_permissions_newuser_id_bb22b5b4; Type: INDEX; Schema: public; Owner: ventalis_admin
--

CREATE INDEX users_newuser_user_permissions_newuser_id_bb22b5b4 ON public.users_newuser_user_permissions USING btree (newuser_id);


--
-- TOC entry 4331 (class 1259 OID 16650)
-- Name: users_newuser_user_permissions_permission_id_72696cfa; Type: INDEX; Schema: public; Owner: ventalis_admin
--

CREATE INDEX users_newuser_user_permissions_permission_id_72696cfa ON public.users_newuser_user_permissions USING btree (permission_id);


--
-- TOC entry 4334 (class 2606 OID 16807)
-- Name: api_apimessage api_apimessage_receiver_id_f3806f2f_fk_users_newuser_id; Type: FK CONSTRAINT; Schema: public; Owner: ventalis_admin
--

ALTER TABLE ONLY public.api_apimessage
    ADD CONSTRAINT api_apimessage_receiver_id_f3806f2f_fk_users_newuser_id FOREIGN KEY (receiver_id) REFERENCES public.users_newuser(id) DEFERRABLE INITIALLY DEFERRED;


--
-- TOC entry 4335 (class 2606 OID 16812)
-- Name: api_apimessage api_apimessage_sender_id_8e0d7951_fk_users_newuser_id; Type: FK CONSTRAINT; Schema: public; Owner: ventalis_admin
--

ALTER TABLE ONLY public.api_apimessage
    ADD CONSTRAINT api_apimessage_sender_id_8e0d7951_fk_users_newuser_id FOREIGN KEY (sender_id) REFERENCES public.users_newuser(id) DEFERRABLE INITIALLY DEFERRED;


--
-- TOC entry 4336 (class 2606 OID 16661)
-- Name: auth_group_permissions auth_group_permissio_permission_id_84c5c92e_fk_auth_perm; Type: FK CONSTRAINT; Schema: public; Owner: ventalis_admin
--

ALTER TABLE ONLY public.auth_group_permissions
    ADD CONSTRAINT auth_group_permissio_permission_id_84c5c92e_fk_auth_perm FOREIGN KEY (permission_id) REFERENCES public.auth_permission(id) DEFERRABLE INITIALLY DEFERRED;


--
-- TOC entry 4337 (class 2606 OID 16666)
-- Name: auth_group_permissions auth_group_permissions_group_id_b120cbf9_fk_auth_group_id; Type: FK CONSTRAINT; Schema: public; Owner: ventalis_admin
--

ALTER TABLE ONLY public.auth_group_permissions
    ADD CONSTRAINT auth_group_permissions_group_id_b120cbf9_fk_auth_group_id FOREIGN KEY (group_id) REFERENCES public.auth_group(id) DEFERRABLE INITIALLY DEFERRED;


--
-- TOC entry 4338 (class 2606 OID 16671)
-- Name: auth_permission auth_permission_content_type_id_2f476e4b_fk_django_co; Type: FK CONSTRAINT; Schema: public; Owner: ventalis_admin
--

ALTER TABLE ONLY public.auth_permission
    ADD CONSTRAINT auth_permission_content_type_id_2f476e4b_fk_django_co FOREIGN KEY (content_type_id) REFERENCES public.django_content_type(id) DEFERRABLE INITIALLY DEFERRED;


--
-- TOC entry 4339 (class 2606 OID 16676)
-- Name: consultants consultants_newuser_ptr_id_b52cf76d_fk_users_newuser_id; Type: FK CONSTRAINT; Schema: public; Owner: ventalis_admin
--

ALTER TABLE ONLY public.consultants
    ADD CONSTRAINT consultants_newuser_ptr_id_b52cf76d_fk_users_newuser_id FOREIGN KEY (newuser_ptr_id) REFERENCES public.users_newuser(id) DEFERRABLE INITIALLY DEFERRED;


--
-- TOC entry 4340 (class 2606 OID 16681)
-- Name: customers customers_consultant_applied_i_e9fd4590_fk_consultan; Type: FK CONSTRAINT; Schema: public; Owner: ventalis_admin
--

ALTER TABLE ONLY public.customers
    ADD CONSTRAINT customers_consultant_applied_i_e9fd4590_fk_consultan FOREIGN KEY (consultant_applied_id) REFERENCES public.consultants(newuser_ptr_id) DEFERRABLE INITIALLY DEFERRED;


--
-- TOC entry 4341 (class 2606 OID 16686)
-- Name: customers customers_newuser_ptr_id_b6f39afe_fk_users_newuser_id; Type: FK CONSTRAINT; Schema: public; Owner: ventalis_admin
--

ALTER TABLE ONLY public.customers
    ADD CONSTRAINT customers_newuser_ptr_id_b6f39afe_fk_users_newuser_id FOREIGN KEY (newuser_ptr_id) REFERENCES public.users_newuser(id) DEFERRABLE INITIALLY DEFERRED;


--
-- TOC entry 4342 (class 2606 OID 16691)
-- Name: django_admin_log django_admin_log_content_type_id_c4bce8eb_fk_django_co; Type: FK CONSTRAINT; Schema: public; Owner: ventalis_admin
--

ALTER TABLE ONLY public.django_admin_log
    ADD CONSTRAINT django_admin_log_content_type_id_c4bce8eb_fk_django_co FOREIGN KEY (content_type_id) REFERENCES public.django_content_type(id) DEFERRABLE INITIALLY DEFERRED;


--
-- TOC entry 4343 (class 2606 OID 16696)
-- Name: django_admin_log django_admin_log_user_id_c564eba6_fk_users_newuser_id; Type: FK CONSTRAINT; Schema: public; Owner: ventalis_admin
--

ALTER TABLE ONLY public.django_admin_log
    ADD CONSTRAINT django_admin_log_user_id_c564eba6_fk_users_newuser_id FOREIGN KEY (user_id) REFERENCES public.users_newuser(id) DEFERRABLE INITIALLY DEFERRED;


--
-- TOC entry 4344 (class 2606 OID 16701)
-- Name: messagerie_messagemodel messagerie_messagemo_thread_id_35c90f53_fk_messageri; Type: FK CONSTRAINT; Schema: public; Owner: ventalis_admin
--

ALTER TABLE ONLY public.messagerie_messagemodel
    ADD CONSTRAINT messagerie_messagemo_thread_id_35c90f53_fk_messageri FOREIGN KEY (thread_id) REFERENCES public.messagerie_threadmodel(id) DEFERRABLE INITIALLY DEFERRED;


--
-- TOC entry 4345 (class 2606 OID 16706)
-- Name: store_order store_order_customer_id_13d6d43e_fk_customers_newuser_ptr_id; Type: FK CONSTRAINT; Schema: public; Owner: ventalis_admin
--

ALTER TABLE ONLY public.store_order
    ADD CONSTRAINT store_order_customer_id_13d6d43e_fk_customers_newuser_ptr_id FOREIGN KEY (customer_id) REFERENCES public.customers(newuser_ptr_id) DEFERRABLE INITIALLY DEFERRED;


--
-- TOC entry 4346 (class 2606 OID 16711)
-- Name: store_orderitem store_orderitem_customer_id_51517a42_fk_customers; Type: FK CONSTRAINT; Schema: public; Owner: ventalis_admin
--

ALTER TABLE ONLY public.store_orderitem
    ADD CONSTRAINT store_orderitem_customer_id_51517a42_fk_customers FOREIGN KEY (customer_id) REFERENCES public.customers(newuser_ptr_id) DEFERRABLE INITIALLY DEFERRED;


--
-- TOC entry 4347 (class 2606 OID 16716)
-- Name: store_orderitem store_orderitem_order_id_acf8722d_fk_store_order_id; Type: FK CONSTRAINT; Schema: public; Owner: ventalis_admin
--

ALTER TABLE ONLY public.store_orderitem
    ADD CONSTRAINT store_orderitem_order_id_acf8722d_fk_store_order_id FOREIGN KEY (order_id) REFERENCES public.store_order(id) DEFERRABLE INITIALLY DEFERRED;


--
-- TOC entry 4348 (class 2606 OID 16721)
-- Name: store_orderitem store_orderitem_product_id_f2b098d4_fk_store_product_id; Type: FK CONSTRAINT; Schema: public; Owner: ventalis_admin
--

ALTER TABLE ONLY public.store_orderitem
    ADD CONSTRAINT store_orderitem_product_id_f2b098d4_fk_store_product_id FOREIGN KEY (product_id) REFERENCES public.store_product(id) DEFERRABLE INITIALLY DEFERRED;


--
-- TOC entry 4349 (class 2606 OID 16726)
-- Name: store_orderitemstatushistory store_orderitemstatu_consultant_id_def8bea4_fk_consultan; Type: FK CONSTRAINT; Schema: public; Owner: ventalis_admin
--

ALTER TABLE ONLY public.store_orderitemstatushistory
    ADD CONSTRAINT store_orderitemstatu_consultant_id_def8bea4_fk_consultan FOREIGN KEY (consultant_id) REFERENCES public.consultants(newuser_ptr_id) DEFERRABLE INITIALLY DEFERRED;


--
-- TOC entry 4350 (class 2606 OID 16731)
-- Name: store_orderitemstatushistory store_orderitemstatu_customer_id_5ed64082_fk_customers; Type: FK CONSTRAINT; Schema: public; Owner: ventalis_admin
--

ALTER TABLE ONLY public.store_orderitemstatushistory
    ADD CONSTRAINT store_orderitemstatu_customer_id_5ed64082_fk_customers FOREIGN KEY (customer_id) REFERENCES public.customers(newuser_ptr_id) DEFERRABLE INITIALLY DEFERRED;


--
-- TOC entry 4351 (class 2606 OID 16736)
-- Name: store_orderitemstatushistory store_orderitemstatu_order_item_id_2be66e22_fk_store_ord; Type: FK CONSTRAINT; Schema: public; Owner: ventalis_admin
--

ALTER TABLE ONLY public.store_orderitemstatushistory
    ADD CONSTRAINT store_orderitemstatu_order_item_id_2be66e22_fk_store_ord FOREIGN KEY (order_item_id) REFERENCES public.store_orderitem(id) DEFERRABLE INITIALLY DEFERRED;


--
-- TOC entry 4352 (class 2606 OID 16741)
-- Name: store_product store_product_category_id_574bae65_fk_store_category_id; Type: FK CONSTRAINT; Schema: public; Owner: ventalis_admin
--

ALTER TABLE ONLY public.store_product
    ADD CONSTRAINT store_product_category_id_574bae65_fk_store_category_id FOREIGN KEY (category_id) REFERENCES public.store_category(id) DEFERRABLE INITIALLY DEFERRED;


--
-- TOC entry 4353 (class 2606 OID 16746)
-- Name: store_product store_product_created_by_id_15d9a640_fk_users_newuser_id; Type: FK CONSTRAINT; Schema: public; Owner: ventalis_admin
--

ALTER TABLE ONLY public.store_product
    ADD CONSTRAINT store_product_created_by_id_15d9a640_fk_users_newuser_id FOREIGN KEY (created_by_id) REFERENCES public.users_newuser(id) DEFERRABLE INITIALLY DEFERRED;


--
-- TOC entry 4354 (class 2606 OID 16751)
-- Name: users_address users_address_order_id_11482d0e_fk_store_order_id; Type: FK CONSTRAINT; Schema: public; Owner: ventalis_admin
--

ALTER TABLE ONLY public.users_address
    ADD CONSTRAINT users_address_order_id_11482d0e_fk_store_order_id FOREIGN KEY (order_id) REFERENCES public.store_order(id) DEFERRABLE INITIALLY DEFERRED;


--
-- TOC entry 4355 (class 2606 OID 16756)
-- Name: users_address users_address_user_id_4c106ba4_fk_customers_newuser_ptr_id; Type: FK CONSTRAINT; Schema: public; Owner: ventalis_admin
--

ALTER TABLE ONLY public.users_address
    ADD CONSTRAINT users_address_user_id_4c106ba4_fk_customers_newuser_ptr_id FOREIGN KEY (user_id) REFERENCES public.customers(newuser_ptr_id) DEFERRABLE INITIALLY DEFERRED;


--
-- TOC entry 4356 (class 2606 OID 16761)
-- Name: users_newuser_groups users_newuser_groups_group_id_525a4e68_fk_auth_group_id; Type: FK CONSTRAINT; Schema: public; Owner: ventalis_admin
--

ALTER TABLE ONLY public.users_newuser_groups
    ADD CONSTRAINT users_newuser_groups_group_id_525a4e68_fk_auth_group_id FOREIGN KEY (group_id) REFERENCES public.auth_group(id) DEFERRABLE INITIALLY DEFERRED;


--
-- TOC entry 4357 (class 2606 OID 16766)
-- Name: users_newuser_groups users_newuser_groups_newuser_id_7f6f4c4c_fk_users_newuser_id; Type: FK CONSTRAINT; Schema: public; Owner: ventalis_admin
--

ALTER TABLE ONLY public.users_newuser_groups
    ADD CONSTRAINT users_newuser_groups_newuser_id_7f6f4c4c_fk_users_newuser_id FOREIGN KEY (newuser_id) REFERENCES public.users_newuser(id) DEFERRABLE INITIALLY DEFERRED;


--
-- TOC entry 4358 (class 2606 OID 16771)
-- Name: users_newuser_user_permissions users_newuser_user_p_newuser_id_bb22b5b4_fk_users_new; Type: FK CONSTRAINT; Schema: public; Owner: ventalis_admin
--

ALTER TABLE ONLY public.users_newuser_user_permissions
    ADD CONSTRAINT users_newuser_user_p_newuser_id_bb22b5b4_fk_users_new FOREIGN KEY (newuser_id) REFERENCES public.users_newuser(id) DEFERRABLE INITIALLY DEFERRED;


--
-- TOC entry 4359 (class 2606 OID 16776)
-- Name: users_newuser_user_permissions users_newuser_user_p_permission_id_72696cfa_fk_auth_perm; Type: FK CONSTRAINT; Schema: public; Owner: ventalis_admin
--

ALTER TABLE ONLY public.users_newuser_user_permissions
    ADD CONSTRAINT users_newuser_user_p_permission_id_72696cfa_fk_auth_perm FOREIGN KEY (permission_id) REFERENCES public.auth_permission(id) DEFERRABLE INITIALLY DEFERRED;


--
-- TOC entry 4546 (class 0 OID 0)
-- Dependencies: 5
-- Name: SCHEMA public; Type: ACL; Schema: -; Owner: pg_database_owner
--

GRANT CREATE ON SCHEMA public TO ventalis_admin;


-- Completed on 2024-06-18 10:05:53

--
-- PostgreSQL database dump complete
--

